#
# There is insufficient memory for the Java Runtime Environment to continue.
# Native memory allocation (mmap) failed to map 339738624 bytes for G1 virtual space
# Possible reasons:
#   The system is out of physical RAM or swap space
#   The process is running with CompressedOops enabled, and the Java Heap may be blocking the growth of the native heap
# Possible solutions:
#   Reduce memory load on the system
#   Increase physical memory or swap space
#   Check if swap backing store is full
#   Decrease Java heap size (-Xmx/-Xms)
#   Decrease number of Java threads
#   Decrease Java thread stack sizes (-Xss)
#   Set larger code cache with -XX:ReservedCodeCacheSize=
#   JVM is running with Zero Based Compressed Oops mode in which the Java heap is
#     placed in the first 32GB address space. The Java Heap base address is the
#     maximum limit for the native heap growth. Please use -XX:HeapBaseMinAddress
#     to set the Java Heap base and to place the Java Heap above 32GB virtual address.
# This output file may be truncated or incomplete.
#
#  Out of Memory Error (os_windows.cpp:3548), pid=15752, tid=5652
#
# JRE version: Java(TM) SE Runtime Environment (17.0.12+8) (build 17.0.12+8-LTS-286)
# Java VM: Java HotSpot(TM) 64-Bit Server VM (17.0.12+8-LTS-286, mixed mode, sharing, tiered, compressed oops, compressed class ptrs, g1 gc, windows-amd64)
# No core dump will be written. Minidumps are not enabled by default on client versions of Windows
#

---------------  S U M M A R Y ------------

Command Line: --add-opens=java.base/java.util=ALL-UNNAMED --add-opens=java.base/java.lang=ALL-UNNAMED --add-opens=java.base/java.lang.invoke=ALL-UNNAMED --add-opens=java.prefs/java.util.prefs=ALL-UNNAMED --add-opens=java.base/java.nio.charset=ALL-UNNAMED --add-opens=java.base/java.net=ALL-UNNAMED --add-opens=java.base/java.util.concurrent.atomic=ALL-UNNAMED -Xmx4g -Dfile.encoding=UTF-8 -Duser.country=IN -Duser.language=en -Duser.variant -javaagent:C:\Users\dell\.gradle\wrapper\dists\gradle-8.7-bin\bhs2wmbdwecv87pi65oeuq5iu\gradle-8.7\lib\agents\gradle-instrumentation-agent-8.7.jar org.gradle.launcher.daemon.bootstrap.GradleDaemon 8.7

Host: Intel(R) Core(TM) i5-8265U CPU @ 1.60GHz, 8 cores, 7G,  Windows 11 , 64 bit Build 26100 (10.0.26100.8328)
Time: Fri May  8 00:39:27 2026 India Standard Time elapsed time: 577.312434 seconds (0d 0h 9m 37s)

---------------  T H R E A D  ---------------

Current thread (0x00000204d6a21950):  VMThread "VM Thread" [stack: 0x00000076f7300000,0x00000076f7400000] [id=5652]

Stack: [0x00000076f7300000,0x00000076f7400000]
Native frames: (J=compiled Java code, j=interpreted, Vv=VM code, C=native code)
V  [jvm.dll+0x67a04a]
V  [jvm.dll+0x7da4ed]
V  [jvm.dll+0x7dbe33]
V  [jvm.dll+0x7dc4a3]
V  [jvm.dll+0x24508f]
V  [jvm.dll+0x677089]
V  [jvm.dll+0x66bd32]
V  [jvm.dll+0x301fa6]
V  [jvm.dll+0x309546]
V  [jvm.dll+0x359d2e]
V  [jvm.dll+0x359f5f]
V  [jvm.dll+0x2d9078]
V  [jvm.dll+0x2d74ad]
V  [jvm.dll+0x2d6afc]
V  [jvm.dll+0x31a65b]
V  [jvm.dll+0x7e0d9b]
V  [jvm.dll+0x7e1ad4]
V  [jvm.dll+0x7e1fed]
V  [jvm.dll+0x7e23c4]
V  [jvm.dll+0x7e2490]
V  [jvm.dll+0x78abea]
V  [jvm.dll+0x678f35]
C  [ucrtbase.dll+0x37b0]
C  [KERNEL32.DLL+0x2e957]
C  [ntdll.dll+0x427c]

VM_Operation (0x0000007686af98c0): G1CollectForAllocation, mode: safepoint, requested by thread 0x0000020535fa67e0


---------------  P R O C E S S  ---------------

Threads class SMR info:
_java_thread_list=0x000002052f68b750, length=139, elements={
0x00000204b1e491f0, 0x00000204d6a27ec0, 0x00000204d6a28790, 0x00000204d6a39950,
0x00000204d6a3a220, 0x00000204d6a3b100, 0x00000204d6a3b9d0, 0x00000204d6a455f0,
0x00000204d6a7ac20, 0x00000204d6a7d950, 0x00000204d6ce5c60, 0x00000204d6d59c80,
0x000002051dded580, 0x000002051cde3ff0, 0x000002051c0fba10, 0x000002051d547000,
0x000002051d5465e0, 0x000002051d547510, 0x000002051de46450, 0x000002051de47380,
0x000002051de45a30, 0x000002051de482b0, 0x000002051de46960, 0x000002051de496f0,
0x000002051de487c0, 0x000002051de45f40, 0x000002051de47da0, 0x000002051de47890,
0x000002051de4a110, 0x000002052ee18040, 0x000002052920ef90, 0x000002052920e060,
0x000002052920fec0, 0x00000205292108e0, 0x00000205292103d0, 0x0000020529211300,
0x000002052920f4a0, 0x000002052920f9b0, 0x0000020529211d20, 0x000002052920e570,
0x0000020529214090, 0x0000020529214ab0, 0x00000205292154d0, 0x0000020529212c50,
0x00000205292159e0, 0x00000205292145a0, 0x000002052e72b870, 0x000002052e72ccb0,
0x000002052e72d1c0, 0x000002052e72d6d0, 0x000002052e72b360, 0x000002052e72ae50,
0x000002052e72a430, 0x000002052e72e600, 0x000002052e730970, 0x000002052e730460,
0x000002052e72eb10, 0x000002052e730e80, 0x000002052e72f530, 0x000002052e72fa40,
0x000002052e72ff50, 0x000002052e731390, 0x000002052e72e0f0, 0x000002052e7318a0,
0x000002052e72f020, 0x00000205289e63d0, 0x00000205289e5ec0, 0x00000205289e4060,
0x00000205289e7d20, 0x00000205289e4570, 0x00000205289e8c50, 0x00000205289eb4d0,
0x00000205289e8740, 0x00000205289e9160, 0x00000205289e9670, 0x00000205289e9b80,
0x00000205289e8230, 0x000002052e4a47a0, 0x000002052e4a7530, 0x000002052e4a98a0,
0x000002052e4a7f50, 0x000002052e4a60f0, 0x000002052e4a9db0, 0x000002052e4aa2c0,
0x000002052e4a6b10, 0x000002052e4aa7d0, 0x000002052e4ac120, 0x000002052e4ab1f0,
0x000002051de4ab30, 0x000002051de49c00, 0x000002051de4b040, 0x000002051de4b550,
0x000002051de48cd0, 0x000002052ee1a8c0, 0x000002052ee17620, 0x000002052ee1b2e0,
0x000002052ee1c210, 0x000002052ee1c720, 0x000002052ee1cc30, 0x000002051d546af0,
0x000002051d548e60, 0x000002051d548950, 0x000002051d549370, 0x000002051d5460d0,
0x000002052e4a51c0, 0x0000020529655bc0, 0x0000020529657510, 0x0000020529657a20,
0x00000205296565e0, 0x0000020529657f30, 0x0000020529654780, 0x0000020529658440,
0x0000020529654c90, 0x0000020529658950, 0x00000205296556b0, 0x0000020529659370,
0x000002052965a2a0, 0x0000020529659880, 0x0000020529656af0, 0x0000020529659d90,
0x000002052965a7b0, 0x000002052965b6e0, 0x000002052965acc0, 0x000002052965b1d0,
0x0000020529658e60, 0x00000205289eaab0, 0x000002052e4a5be0, 0x0000020535fa62d0,
0x0000020535fa7200, 0x0000020535fa4980, 0x0000020535fa4e90, 0x0000020535fa5dc0,
0x0000020535fa67e0, 0x0000020535fa6cf0, 0x0000020535fa7710, 0x0000020535fa7c20,
0x0000020535fa8130, 0x0000020535fa8640, 0x00000205369ded30
}
_to_delete_list=0x000002052fc51ce0, length=140, elements={
0x00000204b1e491f0, 0x00000204d6a27ec0, 0x00000204d6a28790, 0x00000204d6a39950,
0x00000204d6a3a220, 0x00000204d6a3b100, 0x00000204d6a3b9d0, 0x00000204d6a455f0,
0x00000204d6a7ac20, 0x00000204d6a7d950, 0x00000204d6ce5c60, 0x00000204d6d59c80,
0x000002051dded580, 0x000002051cde3ff0, 0x000002051c0fba10, 0x000002051d547000,
0x000002051d5465e0, 0x000002051d547510, 0x000002051de46450, 0x000002051de47380,
0x000002051de45a30, 0x000002051de482b0, 0x000002051de46960, 0x000002051de496f0,
0x000002051de487c0, 0x000002051de45f40, 0x000002051de47da0, 0x000002051de47890,
0x000002051de4a110, 0x000002052ee18040, 0x000002052920ef90, 0x000002052920e060,
0x000002052920fec0, 0x00000205292108e0, 0x00000205292103d0, 0x0000020529210df0,
0x0000020529211300, 0x000002052920f4a0, 0x000002052920f9b0, 0x0000020529211d20,
0x000002052920e570, 0x0000020529214090, 0x0000020529214ab0, 0x00000205292154d0,
0x0000020529212c50, 0x00000205292159e0, 0x00000205292145a0, 0x000002052e72b870,
0x000002052e72ccb0, 0x000002052e72d1c0, 0x000002052e72d6d0, 0x000002052e72b360,
0x000002052e72ae50, 0x000002052e72a430, 0x000002052e72e600, 0x000002052e730970,
0x000002052e730460, 0x000002052e72eb10, 0x000002052e730e80, 0x000002052e72f530,
0x000002052e72fa40, 0x000002052e72ff50, 0x000002052e731390, 0x000002052e72e0f0,
0x000002052e7318a0, 0x000002052e72f020, 0x00000205289e63d0, 0x00000205289e5ec0,
0x00000205289e4060, 0x00000205289e7d20, 0x00000205289e4570, 0x00000205289e8c50,
0x00000205289eb4d0, 0x00000205289e8740, 0x00000205289e9160, 0x00000205289e9670,
0x00000205289e9b80, 0x00000205289e8230, 0x000002052e4a47a0, 0x000002052e4a7530,
0x000002052e4a98a0, 0x000002052e4a7f50, 0x000002052e4a60f0, 0x000002052e4a9db0,
0x000002052e4aa2c0, 0x000002052e4a6b10, 0x000002052e4aa7d0, 0x000002052e4ac120,
0x000002052e4ab1f0, 0x000002051de4ab30, 0x000002051de49c00, 0x000002051de4b040,
0x000002051de4b550, 0x000002051de48cd0, 0x000002052ee1a8c0, 0x000002052ee17620,
0x000002052ee1b2e0, 0x000002052ee1c210, 0x000002052ee1c720, 0x000002052ee1cc30,
0x000002051d546af0, 0x000002051d548e60, 0x000002051d548950, 0x000002051d549370,
0x000002051d5460d0, 0x000002052e4a51c0, 0x0000020529655bc0, 0x0000020529657510,
0x0000020529657a20, 0x00000205296565e0, 0x0000020529657f30, 0x0000020529654780,
0x0000020529658440, 0x0000020529654c90, 0x0000020529658950, 0x00000205296556b0,
0x0000020529659370, 0x000002052965a2a0, 0x0000020529659880, 0x0000020529656af0,
0x0000020529659d90, 0x000002052965a7b0, 0x000002052965b6e0, 0x000002052965acc0,
0x000002052965b1d0, 0x0000020529658e60, 0x00000205289eaab0, 0x000002052e4a5be0,
0x0000020535fa62d0, 0x0000020535fa7200, 0x0000020535fa4980, 0x0000020535fa4e90,
0x0000020535fa5dc0, 0x0000020535fa67e0, 0x0000020535fa6cf0, 0x0000020535fa7710,
0x0000020535fa7c20, 0x0000020535fa8130, 0x0000020535fa8640, 0x00000205369ded30
}

Java Threads: ( => current thread )
  0x00000204b1e491f0 JavaThread "main" [_thread_blocked, id=15216, stack(0x00000076f6d00000,0x00000076f6e00000)]
  0x00000204d6a27ec0 JavaThread "Reference Handler" daemon [_thread_blocked, id=2184, stack(0x00000076f7400000,0x00000076f7500000)]
  0x00000204d6a28790 JavaThread "Finalizer" daemon [_thread_blocked, id=1512, stack(0x00000076f7500000,0x00000076f7600000)]
  0x00000204d6a39950 JavaThread "Signal Dispatcher" daemon [_thread_blocked, id=9316, stack(0x00000076f7600000,0x00000076f7700000)]
  0x00000204d6a3a220 JavaThread "Attach Listener" daemon [_thread_blocked, id=17448, stack(0x00000076f7700000,0x00000076f7800000)]
  0x00000204d6a3b100 JavaThread "Service Thread" daemon [_thread_blocked, id=3172, stack(0x00000076f7800000,0x00000076f7900000)]
  0x00000204d6a3b9d0 JavaThread "Monitor Deflation Thread" daemon [_thread_blocked, id=4864, stack(0x00000076f7900000,0x00000076f7a00000)]
  0x00000204d6a455f0 JavaThread "C2 CompilerThread0" daemon [_thread_blocked, id=9920, stack(0x00000076f7a00000,0x00000076f7b00000)]
  0x00000204d6a7ac20 JavaThread "C1 CompilerThread0" daemon [_thread_blocked, id=15312, stack(0x00000076f7b00000,0x00000076f7c00000)]
  0x00000204d6a7d950 JavaThread "Sweeper thread" daemon [_thread_blocked, id=12236, stack(0x00000076f7c00000,0x00000076f7d00000)]
  0x00000204d6ce5c60 JavaThread "Common-Cleaner" daemon [_thread_blocked, id=3968, stack(0x00000076f7d00000,0x00000076f7e00000)]
  0x00000204d6d59c80 JavaThread "Notification Thread" daemon [_thread_blocked, id=17172, stack(0x00000076f7e00000,0x00000076f7f00000)]
  0x000002051dded580 JavaThread "Daemon health stats" [_thread_blocked, id=6160, stack(0x00000076f8400000,0x00000076f8500000)]
  0x000002051cde3ff0 JavaThread "Incoming local TCP Connector on port 65176" [_thread_in_native, id=17804, stack(0x00000076f8500000,0x00000076f8600000)]
  0x000002051c0fba10 JavaThread "Daemon periodic checks" [_thread_blocked, id=13568, stack(0x00000076f8600000,0x00000076f8700000)]
  0x000002051d547000 JavaThread "Cache worker for journal cache (C:\Users\dell\.gradle\caches\journal-1)" [_thread_blocked, id=7324, stack(0x00000076f9200000,0x00000076f9300000)]
  0x000002051d5465e0 JavaThread "File lock request listener" [_thread_in_native, id=4980, stack(0x00000076f9300000,0x00000076f9400000)]
  0x000002051d547510 JavaThread "Cache worker for file hash cache (C:\Users\dell\.gradle\caches\8.7\fileHashes)" [_thread_blocked, id=4872, stack(0x00000076f9400000,0x00000076f9500000)]
  0x000002051de46450 JavaThread "File watcher server" daemon [_thread_blocked, id=5028, stack(0x00000076f9500000,0x00000076f9600000)]
  0x000002051de47380 JavaThread "File watcher consumer" daemon [_thread_blocked, id=14120, stack(0x00000076f9600000,0x00000076f9700000)]
  0x000002051de45a30 JavaThread "jar transforms" [_thread_blocked, id=17892, stack(0x00000076f9900000,0x00000076f9a00000)]
  0x000002051de482b0 JavaThread "jar transforms Thread 2" [_thread_blocked, id=9172, stack(0x00000076f9a00000,0x00000076f9b00000)]
  0x000002051de46960 JavaThread "jar transforms Thread 3" [_thread_blocked, id=8352, stack(0x00000076f9b00000,0x00000076f9c00000)]
  0x000002051de496f0 JavaThread "jar transforms Thread 4" [_thread_blocked, id=17412, stack(0x00000076f9c00000,0x00000076f9d00000)]
  0x000002051de487c0 JavaThread "jar transforms Thread 5" [_thread_blocked, id=2172, stack(0x00000076f9d00000,0x00000076f9e00000)]
  0x000002051de45f40 JavaThread "jar transforms Thread 6" [_thread_blocked, id=9528, stack(0x00000076f9e00000,0x00000076f9f00000)]
  0x000002051de47da0 JavaThread "jar transforms Thread 7" [_thread_blocked, id=2488, stack(0x00000076f9f00000,0x00000076fa000000)]
  0x000002051de47890 JavaThread "jar transforms Thread 8" [_thread_blocked, id=11064, stack(0x00000076fa000000,0x00000076fa100000)]
  0x000002051de4a110 JavaThread "Cache worker for file content cache (C:\Users\dell\.gradle\caches\8.7\fileContent)" [_thread_blocked, id=17652, stack(0x00000076fa300000,0x00000076fa400000)]
  0x000002052ee18040 JavaThread "Memory manager" [_thread_blocked, id=9748, stack(0x00000076fc400000,0x00000076fc500000)]
  0x000002052920ef90 JavaThread "Daemon Thread 2" [_thread_blocked, id=19416, stack(0x0000007680000000,0x0000007680100000)]
  0x000002052920e060 JavaThread "Handler for socket connection from /127.0.0.1:65176 to /127.0.0.1:49394" [_thread_in_native, id=10236, stack(0x0000007680100000,0x0000007680200000)]
  0x000002052920fec0 JavaThread "Cancel handler" [_thread_blocked, id=13268, stack(0x0000007680200000,0x0000007680300000)]
  0x00000205292108e0 JavaThread "Daemon worker Thread 2" [_thread_blocked, id=18972, stack(0x0000007680300000,0x0000007680400000)]
  0x00000205292103d0 JavaThread "Asynchronous log dispatcher for DefaultDaemonConnection: socket connection from /127.0.0.1:65176 to /127.0.0.1:49394" [_thread_blocked, id=19000, stack(0x0000007680400000,0x0000007680500000)]
  0x0000020529211300 JavaThread "Daemon client event forwarder" [_thread_blocked, id=18992, stack(0x0000007680600000,0x0000007680700000)]
  0x000002052920f4a0 JavaThread "Cache worker for file hash cache (E:\KreedaAnkanaAndroidStudio\KreedaAnkanaAndroidStudio\.gradle\8.7\fileHashes)" [_thread_blocked, id=17468, stack(0x0000007680700000,0x0000007680800000)]
  0x000002052920f9b0 JavaThread "Cache worker for checksums cache (E:\KreedaAnkanaAndroidStudio\KreedaAnkanaAndroidStudio\.gradle\8.7\checksums)" [_thread_blocked, id=2784, stack(0x0000007680a00000,0x0000007680b00000)]
  0x0000020529211d20 JavaThread "Cache worker for cache directory md-supplier (C:\Users\dell\.gradle\caches\8.7\md-supplier)" [_thread_blocked, id=6044, stack(0x0000007680b00000,0x0000007680c00000)]
  0x000002052920e570 JavaThread "Cache worker for cache directory md-rule (C:\Users\dell\.gradle\caches\8.7\md-rule)" [_thread_blocked, id=14440, stack(0x0000007680c00000,0x0000007680d00000)]
  0x0000020529214090 JavaThread "Cache worker for Build Output Cleanup Cache (E:\KreedaAnkanaAndroidStudio\KreedaAnkanaAndroidStudio\.gradle\buildOutputCleanup)" [_thread_blocked, id=14348, stack(0x0000007680d00000,0x0000007680e00000)]
  0x0000020529214ab0 JavaThread "Unconstrained build operations" [_thread_blocked, id=20452, stack(0x0000007680e00000,0x0000007680f00000)]
  0x00000205292154d0 JavaThread "Unconstrained build operations Thread 2" [_thread_blocked, id=20460, stack(0x0000007680f00000,0x0000007681000000)]
  0x0000020529212c50 JavaThread "Unconstrained build operations Thread 3" [_thread_blocked, id=10184, stack(0x0000007681000000,0x0000007681100000)]
  0x00000205292159e0 JavaThread "Unconstrained build operations Thread 4" [_thread_blocked, id=7612, stack(0x0000007681100000,0x0000007681200000)]
  0x00000205292145a0 JavaThread "Unconstrained build operations Thread 5" [_thread_blocked, id=17004, stack(0x0000007681200000,0x0000007681300000)]
  0x000002052e72b870 JavaThread "Unconstrained build operations Thread 6" [_thread_blocked, id=20212, stack(0x0000007681300000,0x0000007681400000)]
  0x000002052e72ccb0 JavaThread "Unconstrained build operations Thread 7" [_thread_blocked, id=2528, stack(0x0000007681400000,0x0000007681500000)]
  0x000002052e72d1c0 JavaThread "build event listener" [_thread_blocked, id=9404, stack(0x0000007681500000,0x0000007681600000)]
  0x000002052e72d6d0 JavaThread "build event listener" [_thread_blocked, id=6592, stack(0x0000007681600000,0x0000007681700000)]
  0x000002052e72b360 JavaThread "included builds" [_thread_blocked, id=19060, stack(0x0000007681700000,0x0000007681800000)]
  0x000002052e72ae50 JavaThread "Execution worker" [_thread_blocked, id=19204, stack(0x0000007681800000,0x0000007681900000)]
  0x000002052e72a430 JavaThread "Execution worker Thread 2" [_thread_blocked, id=3528, stack(0x0000007681900000,0x0000007681a00000)]
  0x000002052e72e600 JavaThread "Execution worker Thread 3" [_thread_blocked, id=13720, stack(0x0000007681a00000,0x0000007681b00000)]
  0x000002052e730970 JavaThread "Execution worker Thread 4" [_thread_blocked, id=19124, stack(0x0000007681b00000,0x0000007681c00000)]
  0x000002052e730460 JavaThread "Execution worker Thread 5" [_thread_blocked, id=19404, stack(0x0000007681c00000,0x0000007681d00000)]
  0x000002052e72eb10 JavaThread "Execution worker Thread 6" [_thread_blocked, id=19408, stack(0x0000007681d00000,0x0000007681e00000)]
  0x000002052e730e80 JavaThread "Execution worker Thread 7" [_thread_blocked, id=19460, stack(0x0000007681e00000,0x0000007681f00000)]
  0x000002052e72f530 JavaThread "Cache worker for execution history cache (E:\KreedaAnkanaAndroidStudio\KreedaAnkanaAndroidStudio\.gradle\8.7\executionHistory)" [_thread_blocked, id=19236, stack(0x0000007681f00000,0x0000007682000000)]
  0x000002052e72fa40 JavaThread "Unconstrained build operations Thread 8" [_thread_blocked, id=10760, stack(0x0000007682000000,0x0000007682100000)]
  0x000002052e72ff50 JavaThread "Unconstrained build operations Thread 9" [_thread_blocked, id=17840, stack(0x0000007682100000,0x0000007682200000)]
  0x000002052e731390 JavaThread "Unconstrained build operations Thread 10" [_thread_blocked, id=19652, stack(0x0000007682200000,0x0000007682300000)]
  0x000002052e72e0f0 JavaThread "Unconstrained build operations Thread 11" [_thread_blocked, id=19572, stack(0x0000007682300000,0x0000007682400000)]
  0x000002052e7318a0 JavaThread "Unconstrained build operations Thread 12" [_thread_blocked, id=19488, stack(0x0000007682400000,0x0000007682500000)]
  0x000002052e72f020 JavaThread "Unconstrained build operations Thread 13" [_thread_blocked, id=10896, stack(0x0000007682500000,0x0000007682600000)]
  0x00000205289e63d0 JavaThread "Unconstrained build operations Thread 14" [_thread_blocked, id=12956, stack(0x0000007682600000,0x0000007682700000)]
  0x00000205289e5ec0 JavaThread "WorkerExecutor Queue" [_thread_blocked, id=19424, stack(0x0000007682700000,0x0000007682800000)]
  0x00000205289e4060 JavaThread "Unconstrained build operations Thread 15" [_thread_blocked, id=20204, stack(0x0000007682800000,0x0000007682900000)]
  0x00000205289e7d20 JavaThread "Unconstrained build operations Thread 16" [_thread_blocked, id=20196, stack(0x0000007682900000,0x0000007682a00000)]
  0x00000205289e4570 JavaThread "Unconstrained build operations Thread 17" [_thread_blocked, id=20128, stack(0x0000007682a00000,0x0000007682b00000)]
  0x00000205289e8c50 JavaThread "Unconstrained build operations Thread 18" [_thread_blocked, id=20172, stack(0x0000007682b00000,0x0000007682c00000)]
  0x00000205289eb4d0 JavaThread "Unconstrained build operations Thread 19" [_thread_blocked, id=20168, stack(0x0000007682c00000,0x0000007682d00000)]
  0x00000205289e8740 JavaThread "Unconstrained build operations Thread 20" [_thread_blocked, id=20140, stack(0x0000007682d00000,0x0000007682e00000)]
  0x00000205289e9160 JavaThread "Unconstrained build operations Thread 21" [_thread_blocked, id=20112, stack(0x0000007682e00000,0x0000007682f00000)]
  0x00000205289e9670 JavaThread "WorkerExecutor Queue Thread 2" [_thread_blocked, id=19148, stack(0x0000007680900000,0x0000007680a00000)]
  0x00000205289e9b80 JavaThread "WorkerExecutor Queue Thread 3" [_thread_blocked, id=18876, stack(0x0000007682f00000,0x0000007683000000)]
  0x00000205289e8230 JavaThread "WorkerExecutor Queue Thread 4" [_thread_blocked, id=19156, stack(0x0000007683000000,0x0000007683100000)]
  0x000002052e4a47a0 JavaThread "WorkerExecutor Queue Thread 8" [_thread_blocked, id=18324, stack(0x0000007683400000,0x0000007683500000)]
  0x000002052e4a7530 JavaThread "Unconstrained build operations Thread 22" [_thread_blocked, id=7172, stack(0x0000007683600000,0x0000007683700000)]
  0x000002052e4a98a0 JavaThread "Unconstrained build operations Thread 23" [_thread_blocked, id=17984, stack(0x0000007683700000,0x0000007683800000)]
  0x000002052e4a7f50 JavaThread "Unconstrained build operations Thread 24" [_thread_blocked, id=17952, stack(0x0000007683800000,0x0000007683900000)]
  0x000002052e4a60f0 JavaThread "Unconstrained build operations Thread 25" [_thread_blocked, id=19892, stack(0x0000007683900000,0x0000007683a00000)]
  0x000002052e4a9db0 JavaThread "Unconstrained build operations Thread 26" [_thread_blocked, id=19560, stack(0x0000007683a00000,0x0000007683b00000)]
  0x000002052e4aa2c0 JavaThread "Unconstrained build operations Thread 27" [_thread_blocked, id=19364, stack(0x0000007683b00000,0x0000007683c00000)]
  0x000002052e4a6b10 JavaThread "Unconstrained build operations Thread 28" [_thread_blocked, id=15524, stack(0x0000007683c00000,0x0000007683d00000)]
  0x000002052e4aa7d0 JavaThread "Unconstrained build operations Thread 29" [_thread_blocked, id=17924, stack(0x0000007683d00000,0x0000007683e00000)]
  0x000002052e4ac120 JavaThread "Unconstrained build operations Thread 30" [_thread_blocked, id=10220, stack(0x0000007683e00000,0x0000007683f00000)]
  0x000002052e4ab1f0 JavaThread "Unconstrained build operations Thread 31" [_thread_blocked, id=12136, stack(0x0000007683f00000,0x0000007684000000)]
  0x000002051de4ab30 JavaThread "Unconstrained build operations Thread 32" [_thread_blocked, id=10280, stack(0x0000007684000000,0x0000007684100000)]
  0x000002051de49c00 JavaThread "Unconstrained build operations Thread 33" [_thread_blocked, id=18052, stack(0x0000007684100000,0x0000007684200000)]
  0x000002051de4b040 JavaThread "Unconstrained build operations Thread 34" [_thread_blocked, id=12980, stack(0x0000007684200000,0x0000007684300000)]
  0x000002051de4b550 JavaThread "Unconstrained build operations Thread 35" [_thread_blocked, id=19112, stack(0x0000007684300000,0x0000007684400000)]
  0x000002051de48cd0 JavaThread "Unconstrained build operations Thread 36" [_thread_blocked, id=16260, stack(0x0000007684400000,0x0000007684500000)]
  0x000002052ee1a8c0 JavaThread "Unconstrained build operations Thread 37" [_thread_blocked, id=15852, stack(0x0000007684600000,0x0000007684700000)]
  0x000002052ee17620 JavaThread "Unconstrained build operations Thread 38" [_thread_blocked, id=12588, stack(0x0000007684700000,0x0000007684800000)]
  0x000002052ee1b2e0 JavaThread "Unconstrained build operations Thread 39" [_thread_blocked, id=4808, stack(0x0000007684800000,0x0000007684900000)]
  0x000002052ee1c210 JavaThread "Unconstrained build operations Thread 40" [_thread_blocked, id=12188, stack(0x0000007684900000,0x0000007684a00000)]
  0x000002052ee1c720 JavaThread "Unconstrained build operations Thread 41" [_thread_blocked, id=15504, stack(0x0000007684a00000,0x0000007684b00000)]
  0x000002052ee1cc30 JavaThread "Unconstrained build operations Thread 42" [_thread_blocked, id=12456, stack(0x0000007684b00000,0x0000007684c00000)]
  0x000002051d546af0 JavaThread "Unconstrained build operations Thread 43" [_thread_blocked, id=15788, stack(0x0000007684c00000,0x0000007684d00000)]
  0x000002051d548e60 JavaThread "Unconstrained build operations Thread 44" [_thread_blocked, id=9252, stack(0x0000007684500000,0x0000007684600000)]
  0x000002051d548950 JavaThread "Unconstrained build operations Thread 45" [_thread_blocked, id=16572, stack(0x0000007684d00000,0x0000007684e00000)]
  0x000002051d549370 JavaThread "Unconstrained build operations Thread 46" [_thread_blocked, id=2924, stack(0x0000007684e00000,0x0000007684f00000)]
  0x000002051d5460d0 JavaThread "Unconstrained build operations Thread 47" [_thread_blocked, id=15428, stack(0x0000007684f00000,0x0000007685000000)]
  0x000002052e4a51c0 JavaThread "Unconstrained build operations Thread 48" [_thread_blocked, id=10904, stack(0x0000007685000000,0x0000007685100000)]
  0x0000020529655bc0 JavaThread "Unconstrained build operations Thread 49" [_thread_blocked, id=9288, stack(0x0000007685100000,0x0000007685200000)]
  0x0000020529657510 JavaThread "Unconstrained build operations Thread 50" [_thread_blocked, id=11072, stack(0x0000007685200000,0x0000007685300000)]
  0x0000020529657a20 JavaThread "Unconstrained build operations Thread 51" [_thread_blocked, id=14620, stack(0x0000007685300000,0x0000007685400000)]
  0x00000205296565e0 JavaThread "Unconstrained build operations Thread 52" [_thread_blocked, id=18032, stack(0x0000007685400000,0x0000007685500000)]
  0x0000020529657f30 JavaThread "Unconstrained build operations Thread 53" [_thread_blocked, id=11760, stack(0x0000007685500000,0x0000007685600000)]
  0x0000020529654780 JavaThread "Unconstrained build operations Thread 54" [_thread_blocked, id=2720, stack(0x0000007685600000,0x0000007685700000)]
  0x0000020529658440 JavaThread "Unconstrained build operations Thread 55" [_thread_blocked, id=8972, stack(0x0000007685700000,0x0000007685800000)]
  0x0000020529654c90 JavaThread "Unconstrained build operations Thread 56" [_thread_blocked, id=5616, stack(0x0000007685800000,0x0000007685900000)]
  0x0000020529658950 JavaThread "Unconstrained build operations Thread 57" [_thread_blocked, id=14424, stack(0x0000007685900000,0x0000007685a00000)]
  0x00000205296556b0 JavaThread "Unconstrained build operations Thread 58" [_thread_blocked, id=6724, stack(0x0000007685b00000,0x0000007685c00000)]
  0x0000020529659370 JavaThread "Unconstrained build operations Thread 59" [_thread_blocked, id=10080, stack(0x0000007685c00000,0x0000007685d00000)]
  0x000002052965a2a0 JavaThread "Unconstrained build operations Thread 60" [_thread_blocked, id=14592, stack(0x0000007685d00000,0x0000007685e00000)]
  0x0000020529659880 JavaThread "Unconstrained build operations Thread 61" [_thread_blocked, id=1664, stack(0x0000007685e00000,0x0000007685f00000)]
  0x0000020529656af0 JavaThread "Unconstrained build operations Thread 62" [_thread_blocked, id=8296, stack(0x0000007685f00000,0x0000007686000000)]
  0x0000020529659d90 JavaThread "Unconstrained build operations Thread 63" [_thread_blocked, id=16276, stack(0x0000007686000000,0x0000007686100000)]
  0x000002052965a7b0 JavaThread "Unconstrained build operations Thread 64" [_thread_blocked, id=6764, stack(0x0000007686100000,0x0000007686200000)]
  0x000002052965b6e0 JavaThread "WorkerExecutor Queue Thread 10" [_thread_blocked, id=6500, stack(0x0000007683100000,0x0000007683200000)]
  0x000002052965acc0 JavaThread "WorkerExecutor Queue Thread 11" [_thread_blocked, id=14288, stack(0x0000007683300000,0x0000007683400000)]
  0x000002052965b1d0 JavaThread "WorkerExecutor Queue Thread 12" [_thread_blocked, id=17396, stack(0x0000007685a00000,0x0000007685b00000)]
  0x0000020529658e60 JavaThread "Unconstrained build operations Thread 65" [_thread_blocked, id=9348, stack(0x0000007686200000,0x0000007686300000)]
  0x00000205289eaab0 JavaThread "Unconstrained build operations Thread 66" [_thread_blocked, id=14772, stack(0x0000007686300000,0x0000007686400000)]
  0x000002052e4a5be0 JavaThread "Unconstrained build operations Thread 67" [_thread_blocked, id=4680, stack(0x0000007686400000,0x0000007686500000)]
  0x0000020535fa62d0 JavaThread "Unconstrained build operations Thread 68" [_thread_blocked, id=13556, stack(0x0000007686500000,0x0000007686600000)]
  0x0000020535fa7200 JavaThread "Unconstrained build operations Thread 69" [_thread_blocked, id=13448, stack(0x0000007686600000,0x0000007686700000)]
  0x0000020535fa4980 JavaThread "Unconstrained build operations Thread 70" [_thread_blocked, id=15780, stack(0x0000007686700000,0x0000007686800000)]
  0x0000020535fa4e90 JavaThread "Unconstrained build operations Thread 71" [_thread_blocked, id=13904, stack(0x0000007686800000,0x0000007686900000)]
  0x0000020535fa5dc0 JavaThread "Unconstrained build operations Thread 72" [_thread_blocked, id=4728, stack(0x0000007686900000,0x0000007686a00000)]
  0x0000020535fa67e0 JavaThread "Unconstrained build operations Thread 73" [_thread_blocked, id=9764, stack(0x0000007686a00000,0x0000007686b00000)]
  0x0000020535fa6cf0 JavaThread "Unconstrained build operations Thread 74" [_thread_blocked, id=4552, stack(0x0000007686b00000,0x0000007686c00000)]
  0x0000020535fa7710 JavaThread "Unconstrained build operations Thread 75" [_thread_blocked, id=18288, stack(0x0000007686c00000,0x0000007686d00000)]
  0x0000020535fa7c20 JavaThread "Unconstrained build operations Thread 76" [_thread_blocked, id=13304, stack(0x0000007686d00000,0x0000007686e00000)]
  0x0000020535fa8130 JavaThread "Unconstrained build operations Thread 77" [_thread_blocked, id=15324, stack(0x0000007686e00000,0x0000007686f00000)]
  0x0000020535fa8640 JavaThread "Unconstrained build operations Thread 78" [_thread_blocked, id=4020, stack(0x0000007686f00000,0x0000007687000000)]
  0x00000205369ded30 JavaThread "C2 CompilerThread1" daemon [_thread_blocked, id=7804, stack(0x0000007683200000,0x0000007683300000)]

Other Threads:
=>0x00000204d6a21950 VMThread "VM Thread" [stack: 0x00000076f7300000,0x00000076f7400000] [id=5652]
  0x00000204b1e49e80 WatcherThread [stack: 0x00000076f7f00000,0x00000076f8000000] [id=15904]
  0x00000204b1eb6020 GCTaskThread "GC Thread#0" [stack: 0x00000076f6e00000,0x00000076f6f00000] [id=6304]
  0x000002051c986550 GCTaskThread "GC Thread#1" [stack: 0x00000076f8000000,0x00000076f8100000] [id=10520]
  0x000002051c986810 GCTaskThread "GC Thread#2" [stack: 0x00000076f8100000,0x00000076f8200000] [id=5736]
  0x000002051ceefc20 GCTaskThread "GC Thread#3" [stack: 0x00000076f8200000,0x00000076f8300000] [id=8664]
  0x00000204d6d89f40 GCTaskThread "GC Thread#4" [stack: 0x00000076f8300000,0x00000076f8400000] [id=4956]
  0x000002051d572420 GCTaskThread "GC Thread#5" [stack: 0x00000076f8f00000,0x00000076f9000000] [id=14232]
  0x000002051c82fd40 GCTaskThread "GC Thread#6" [stack: 0x00000076f9000000,0x00000076f9100000] [id=14320]
  0x000002051d6fbd20 GCTaskThread "GC Thread#7" [stack: 0x00000076f9100000,0x00000076f9200000] [id=2896]
  0x00000204b1a6df30 ConcurrentGCThread "G1 Main Marker" [stack: 0x00000076f6f00000,0x00000076f7000000] [id=15528]
  0x00000204b1a6e850 ConcurrentGCThread "G1 Conc#0" [stack: 0x00000076f7000000,0x00000076f7100000] [id=6940]
  0x000002051c8e9100 ConcurrentGCThread "G1 Conc#1" [stack: 0x00000076f9700000,0x00000076f9800000] [id=13224]
  0x00000204d68da670 ConcurrentGCThread "G1 Refine#0" [stack: 0x00000076f7100000,0x00000076f7200000] [id=18412]
  0x000002051d785120 ConcurrentGCThread "G1 Refine#1" [stack: 0x00000076faf00000,0x00000076fb000000] [id=4004]
  0x000002051d785410 ConcurrentGCThread "G1 Refine#2" [stack: 0x00000076fb000000,0x00000076fb100000] [id=9248]
  0x000002051d785ce0 ConcurrentGCThread "G1 Refine#3" [stack: 0x00000076fb100000,0x00000076fb200000] [id=17848]
  0x000002051d785fd0 ConcurrentGCThread "G1 Refine#4" [stack: 0x00000076fb200000,0x00000076fb300000] [id=18284]
  0x000002051d784560 ConcurrentGCThread "G1 Refine#5" [stack: 0x00000076fb300000,0x00000076fb400000] [id=2724]
  0x00000204d68ddd70 ConcurrentGCThread "G1 Service" [stack: 0x00000076f7200000,0x00000076f7300000] [id=11060]

Threads with active compile tasks:
C2 CompilerThread0   577415 36184 %     4       com.android.tools.r8.internal.wl::a @ 276 (3605 bytes)
C2 CompilerThread1   577415 36415 %     4       com.android.tools.r8.ir.regalloc.b::a @ 1587 (1862 bytes)

VM state: at safepoint (normal execution)

VM Mutex/Monitor currently owned by a thread:  ([mutex/lock_event])
[0x00000204b1e39f70] Threads_lock - owner thread: 0x00000204d6a21950
[0x00000204b1e46bb0] Heap_lock - owner thread: 0x0000020535fa67e0

Heap address: 0x0000000700000000, size: 4096 MB, Compressed Oops mode: Zero based, Oop shift amount: 3

CDS archive(s) mapped at: [0x00000204d7000000-0x00000204d7bd0000-0x00000204d7bd0000), size 12386304, SharedBaseAddress: 0x00000204d7000000, ArchiveRelocationMode: 1.
Compressed class space mapped at: 0x00000204d8000000-0x0000020518000000, reserved size: 1073741824
Narrow klass base: 0x00000204d7000000, Narrow klass shift: 0, Narrow klass range: 0x100000000

GC Precious Log:
 CPUs: 8 total, 8 available
 Memory: 8038M
 Large Page Support: Disabled
 NUMA Support: Disabled
 Compressed Oops: Enabled (Zero based)
 Heap Region Size: 2M
 Heap Min Capacity: 8M
 Heap Initial Capacity: 126M
 Heap Max Capacity: 4G
 Pre-touch: Disabled
 Parallel Workers: 8
 Concurrent Workers: 2
 Concurrent Refinement Workers: 8
 Periodic GC: Disabled

Heap:
 garbage-first heap   total 1382400K, used 481098K [0x0000000700000000, 0x0000000800000000)
  region size 2048K, 10 young (20480K), 10 survivors (20480K)
 Metaspace       used 209123K, committed 210496K, reserved 1245184K
  class space    used 26937K, committed 27584K, reserved 1048576K

Heap Regions: E=young(eden), S=young(survivor), O=old, HS=humongous(starts), HC=humongous(continues), CS=collection set, F=free, OA=open archive, CA=closed archive, TAMS=top-at-mark-start (previous, next)
|   0|0x0000000700000000, 0x0000000700200000, 0x0000000700200000|100%|HS|  |TAMS 0x0000000700200000, 0x0000000700000000| Complete 
|   1|0x0000000700200000, 0x0000000700400000, 0x0000000700400000|100%|HC|  |TAMS 0x0000000700400000, 0x0000000700200000| Complete 
|   2|0x0000000700400000, 0x0000000700600000, 0x0000000700600000|100%| O|  |TAMS 0x0000000700600000, 0x0000000700400000| Untracked 
|   3|0x0000000700600000, 0x0000000700800000, 0x0000000700800000|100%| O|  |TAMS 0x0000000700800000, 0x0000000700600000| Untracked 
|   4|0x0000000700800000, 0x0000000700a00000, 0x0000000700a00000|100%| O|  |TAMS 0x0000000700a00000, 0x0000000700800000| Untracked 
|   5|0x0000000700a00000, 0x0000000700c00000, 0x0000000700c00000|100%| O|  |TAMS 0x0000000700c00000, 0x0000000700a00000| Untracked 
|   6|0x0000000700c00000, 0x0000000700e00000, 0x0000000700e00000|100%| O|  |TAMS 0x0000000700e00000, 0x0000000700c00000| Untracked 
|   7|0x0000000700e00000, 0x0000000701000000, 0x0000000701000000|100%| O|  |TAMS 0x0000000701000000, 0x0000000700e00000| Untracked 
|   8|0x0000000701000000, 0x0000000701200000, 0x0000000701200000|100%| O|  |TAMS 0x0000000701200000, 0x0000000701000000| Untracked 
|   9|0x0000000701200000, 0x0000000701400000, 0x0000000701400000|100%| O|  |TAMS 0x0000000701400000, 0x0000000701200000| Untracked 
|  10|0x0000000701400000, 0x0000000701600000, 0x0000000701600000|100%|HS|  |TAMS 0x0000000701600000, 0x0000000701400000| Complete 
|  11|0x0000000701600000, 0x0000000701800000, 0x0000000701800000|100%|HC|  |TAMS 0x0000000701800000, 0x0000000701600000| Complete 
|  12|0x0000000701800000, 0x0000000701a00000, 0x0000000701a00000|100%|HC|  |TAMS 0x0000000701a00000, 0x0000000701800000| Complete 
|  13|0x0000000701a00000, 0x0000000701c00000, 0x0000000701c00000|100%|HS|  |TAMS 0x0000000701c00000, 0x0000000701a00000| Complete 
|  14|0x0000000701c00000, 0x0000000701e00000, 0x0000000701e00000|100%|HS|  |TAMS 0x0000000701e00000, 0x0000000701c00000| Complete 
|  15|0x0000000701e00000, 0x0000000702000000, 0x0000000702000000|100%|HC|  |TAMS 0x0000000702000000, 0x0000000701e00000| Complete 
|  16|0x0000000702000000, 0x0000000702200000, 0x0000000702200000|100%|HC|  |TAMS 0x0000000702200000, 0x0000000702000000| Complete 
|  17|0x0000000702200000, 0x0000000702400000, 0x0000000702400000|100%|HS|  |TAMS 0x0000000702400000, 0x0000000702200000| Complete 
|  18|0x0000000702400000, 0x0000000702600000, 0x0000000702600000|100%| O|  |TAMS 0x0000000702600000, 0x0000000702400000| Untracked 
|  19|0x0000000702600000, 0x0000000702800000, 0x0000000702800000|100%| O|  |TAMS 0x0000000702800000, 0x0000000702600000| Untracked 
|  20|0x0000000702800000, 0x0000000702a00000, 0x0000000702a00000|100%| O|  |TAMS 0x0000000702a00000, 0x0000000702800000| Untracked 
|  21|0x0000000702a00000, 0x0000000702c00000, 0x0000000702c00000|100%|HS|  |TAMS 0x0000000702c00000, 0x0000000702a00000| Complete 
|  22|0x0000000702c00000, 0x0000000702e00000, 0x0000000702e00000|100%| O|  |TAMS 0x0000000702e00000, 0x0000000702c00000| Untracked 
|  23|0x0000000702e00000, 0x0000000703000000, 0x0000000703000000|100%| O|  |TAMS 0x0000000703000000, 0x0000000702e00000| Untracked 
|  24|0x0000000703000000, 0x0000000703200000, 0x0000000703200000|100%| O|  |TAMS 0x0000000703200000, 0x0000000703000000| Untracked 
|  25|0x0000000703200000, 0x0000000703400000, 0x0000000703400000|100%| O|  |TAMS 0x0000000703400000, 0x0000000703200000| Untracked 
|  26|0x0000000703400000, 0x0000000703600000, 0x0000000703600000|100%| O|  |TAMS 0x0000000703600000, 0x0000000703400000| Untracked 
|  27|0x0000000703600000, 0x0000000703800000, 0x0000000703800000|100%| O|  |TAMS 0x0000000703800000, 0x0000000703600000| Untracked 
|  28|0x0000000703800000, 0x0000000703a00000, 0x0000000703a00000|100%| O|  |TAMS 0x0000000703a00000, 0x0000000703800000| Untracked 
|  29|0x0000000703a00000, 0x0000000703c00000, 0x0000000703c00000|100%| O|  |TAMS 0x0000000703c00000, 0x0000000703a00000| Untracked 
|  30|0x0000000703c00000, 0x0000000703e00000, 0x0000000703e00000|100%| O|  |TAMS 0x0000000703e00000, 0x0000000703c00000| Untracked 
|  31|0x0000000703e00000, 0x0000000704000000, 0x0000000704000000|100%| O|  |TAMS 0x0000000704000000, 0x0000000703e00000| Untracked 
|  32|0x0000000704000000, 0x0000000704200000, 0x0000000704200000|100%| O|  |TAMS 0x0000000704200000, 0x0000000704000000| Untracked 
|  33|0x0000000704200000, 0x0000000704400000, 0x0000000704400000|100%| O|  |TAMS 0x0000000704400000, 0x0000000704200000| Untracked 
|  34|0x0000000704400000, 0x0000000704600000, 0x0000000704600000|100%| O|  |TAMS 0x0000000704600000, 0x0000000704400000| Untracked 
|  35|0x0000000704600000, 0x0000000704800000, 0x0000000704800000|100%| O|  |TAMS 0x0000000704800000, 0x0000000704600000| Untracked 
|  36|0x0000000704800000, 0x0000000704a00000, 0x0000000704a00000|100%| O|  |TAMS 0x0000000704a00000, 0x0000000704800000| Untracked 
|  37|0x0000000704a00000, 0x0000000704c00000, 0x0000000704c00000|100%| O|  |TAMS 0x0000000704c00000, 0x0000000704a00000| Untracked 
|  38|0x0000000704c00000, 0x0000000704e00000, 0x0000000704e00000|100%| O|  |TAMS 0x0000000704e00000, 0x0000000704c00000| Untracked 
|  39|0x0000000704e00000, 0x0000000705000000, 0x0000000705000000|100%| O|  |TAMS 0x0000000705000000, 0x0000000704e00000| Untracked 
|  40|0x0000000705000000, 0x0000000705200000, 0x0000000705200000|100%| O|  |TAMS 0x0000000705200000, 0x0000000705000000| Untracked 
|  41|0x0000000705200000, 0x0000000705400000, 0x0000000705400000|100%| O|  |TAMS 0x0000000705400000, 0x0000000705200000| Untracked 
|  42|0x0000000705400000, 0x0000000705600000, 0x0000000705600000|100%| O|  |TAMS 0x0000000705600000, 0x0000000705400000| Untracked 
|  43|0x0000000705600000, 0x0000000705800000, 0x0000000705800000|100%| O|  |TAMS 0x0000000705800000, 0x0000000705600000| Untracked 
|  44|0x0000000705800000, 0x0000000705a00000, 0x0000000705a00000|100%| O|  |TAMS 0x0000000705a00000, 0x0000000705800000| Untracked 
|  45|0x0000000705a00000, 0x0000000705c00000, 0x0000000705c00000|100%|HS|  |TAMS 0x0000000705c00000, 0x0000000705a00000| Complete 
|  46|0x0000000705c00000, 0x0000000705e00000, 0x0000000705e00000|100%| O|  |TAMS 0x0000000705e00000, 0x0000000705c00000| Untracked 
|  47|0x0000000705e00000, 0x0000000706000000, 0x0000000706000000|100%| O|  |TAMS 0x0000000706000000, 0x0000000705e00000| Untracked 
|  48|0x0000000706000000, 0x0000000706200000, 0x0000000706200000|100%| O|  |TAMS 0x0000000706200000, 0x0000000706000000| Untracked 
|  49|0x0000000706200000, 0x0000000706400000, 0x0000000706400000|100%|HS|  |TAMS 0x0000000706400000, 0x0000000706200000| Complete 
|  50|0x0000000706400000, 0x0000000706600000, 0x0000000706600000|100%|HS|  |TAMS 0x0000000706600000, 0x0000000706400000| Complete 
|  51|0x0000000706600000, 0x0000000706800000, 0x0000000706800000|100%| O|  |TAMS 0x0000000706800000, 0x0000000706600000| Untracked 
|  52|0x0000000706800000, 0x0000000706a00000, 0x0000000706a00000|100%| O|  |TAMS 0x0000000706a00000, 0x0000000706800000| Untracked 
|  53|0x0000000706a00000, 0x0000000706c00000, 0x0000000706c00000|100%| O|  |TAMS 0x0000000706c00000, 0x0000000706a00000| Untracked 
|  54|0x0000000706c00000, 0x0000000706e00000, 0x0000000706e00000|100%| O|  |TAMS 0x0000000706c00000, 0x0000000706c00000| Untracked 
|  55|0x0000000706e00000, 0x0000000707000000, 0x0000000707000000|100%| O|  |TAMS 0x0000000707000000, 0x0000000706e00000| Untracked 
|  56|0x0000000707000000, 0x0000000707200000, 0x0000000707200000|100%|HS|  |TAMS 0x0000000707200000, 0x0000000707000000| Complete 
|  57|0x0000000707200000, 0x0000000707400000, 0x0000000707400000|100%|HC|  |TAMS 0x0000000707400000, 0x0000000707200000| Complete 
|  58|0x0000000707400000, 0x0000000707600000, 0x0000000707600000|100%| O|  |TAMS 0x0000000707600000, 0x0000000707400000| Untracked 
|  59|0x0000000707600000, 0x0000000707800000, 0x0000000707800000|100%| O|  |TAMS 0x0000000707800000, 0x0000000707600000| Untracked 
|  60|0x0000000707800000, 0x0000000707a00000, 0x0000000707a00000|100%| O|  |TAMS 0x0000000707a00000, 0x0000000707800000| Untracked 
|  61|0x0000000707a00000, 0x0000000707c00000, 0x0000000707c00000|100%| O|  |TAMS 0x0000000707c00000, 0x0000000707a00000| Untracked 
|  62|0x0000000707c00000, 0x0000000707e00000, 0x0000000707e00000|100%| O|  |TAMS 0x0000000707e00000, 0x0000000707c00000| Untracked 
|  63|0x0000000707e00000, 0x0000000708000000, 0x0000000708000000|100%| O|  |TAMS 0x0000000708000000, 0x0000000707e00000| Untracked 
|  64|0x0000000708000000, 0x0000000708200000, 0x0000000708200000|100%| O|  |TAMS 0x0000000708200000, 0x0000000708000000| Untracked 
|  65|0x0000000708200000, 0x0000000708400000, 0x0000000708400000|100%| O|  |TAMS 0x0000000708400000, 0x0000000708200000| Untracked 
|  66|0x0000000708400000, 0x0000000708600000, 0x0000000708600000|100%| O|  |TAMS 0x0000000708600000, 0x0000000708400000| Untracked 
|  67|0x0000000708600000, 0x0000000708800000, 0x0000000708800000|100%|HS|  |TAMS 0x0000000708800000, 0x0000000708600000| Complete 
|  68|0x0000000708800000, 0x0000000708a00000, 0x0000000708a00000|100%|HC|  |TAMS 0x0000000708a00000, 0x0000000708800000| Complete 
|  69|0x0000000708a00000, 0x0000000708c00000, 0x0000000708c00000|100%| O|  |TAMS 0x0000000708c00000, 0x0000000708a00000| Untracked 
|  70|0x0000000708c00000, 0x0000000708e00000, 0x0000000708e00000|100%| O|  |TAMS 0x0000000708e00000, 0x0000000708c00000| Untracked 
|  71|0x0000000708e00000, 0x0000000709000000, 0x0000000709000000|100%| O|  |TAMS 0x0000000709000000, 0x0000000708e00000| Untracked 
|  72|0x0000000709000000, 0x0000000709200000, 0x0000000709200000|100%| O|  |TAMS 0x0000000709200000, 0x0000000709000000| Untracked 
|  73|0x0000000709200000, 0x0000000709400000, 0x0000000709400000|100%| O|  |TAMS 0x0000000709400000, 0x0000000709200000| Untracked 
|  74|0x0000000709400000, 0x0000000709600000, 0x0000000709600000|100%| O|  |TAMS 0x0000000709600000, 0x0000000709400000| Untracked 
|  75|0x0000000709600000, 0x0000000709800000, 0x0000000709800000|100%| O|  |TAMS 0x0000000709800000, 0x0000000709600000| Untracked 
|  76|0x0000000709800000, 0x0000000709a00000, 0x0000000709a00000|100%| O|  |TAMS 0x0000000709a00000, 0x0000000709800000| Untracked 
|  77|0x0000000709a00000, 0x0000000709c00000, 0x0000000709c00000|100%| O|  |TAMS 0x0000000709c00000, 0x0000000709a00000| Untracked 
|  78|0x0000000709c00000, 0x0000000709e00000, 0x0000000709e00000|100%| O|  |TAMS 0x0000000709e00000, 0x0000000709c00000| Untracked 
|  79|0x0000000709e00000, 0x000000070a000000, 0x000000070a000000|100%| O|  |TAMS 0x000000070a000000, 0x0000000709e00000| Untracked 
|  80|0x000000070a000000, 0x000000070a200000, 0x000000070a200000|100%| O|  |TAMS 0x000000070a200000, 0x000000070a000000| Untracked 
|  81|0x000000070a200000, 0x000000070a400000, 0x000000070a400000|100%| O|  |TAMS 0x000000070a400000, 0x000000070a200000| Untracked 
|  82|0x000000070a400000, 0x000000070a600000, 0x000000070a600000|100%| O|  |TAMS 0x000000070a600000, 0x000000070a400000| Untracked 
|  83|0x000000070a600000, 0x000000070a800000, 0x000000070a800000|100%| O|  |TAMS 0x000000070a800000, 0x000000070a600000| Untracked 
|  84|0x000000070a800000, 0x000000070aa00000, 0x000000070aa00000|100%| O|  |TAMS 0x000000070aa00000, 0x000000070a800000| Untracked 
|  85|0x000000070aa00000, 0x000000070ac00000, 0x000000070ac00000|100%| O|  |TAMS 0x000000070ac00000, 0x000000070aa00000| Untracked 
|  86|0x000000070ac00000, 0x000000070ae00000, 0x000000070ae00000|100%| O|  |TAMS 0x000000070ae00000, 0x000000070ac00000| Untracked 
|  87|0x000000070ae00000, 0x000000070b000000, 0x000000070b000000|100%| O|  |TAMS 0x000000070b000000, 0x000000070ae00000| Untracked 
|  88|0x000000070b000000, 0x000000070b200000, 0x000000070b200000|100%| O|  |TAMS 0x000000070b200000, 0x000000070b000000| Untracked 
|  89|0x000000070b200000, 0x000000070b400000, 0x000000070b400000|100%| O|  |TAMS 0x000000070b400000, 0x000000070b200000| Untracked 
|  90|0x000000070b400000, 0x000000070b600000, 0x000000070b600000|100%| O|  |TAMS 0x000000070b600000, 0x000000070b400000| Untracked 
|  91|0x000000070b600000, 0x000000070b800000, 0x000000070b800000|100%| O|  |TAMS 0x000000070b800000, 0x000000070b600000| Untracked 
|  92|0x000000070b800000, 0x000000070ba00000, 0x000000070ba00000|100%| O|  |TAMS 0x000000070ba00000, 0x000000070b800000| Untracked 
|  93|0x000000070ba00000, 0x000000070bc00000, 0x000000070bc00000|100%| O|  |TAMS 0x000000070bc00000, 0x000000070ba00000| Untracked 
|  94|0x000000070bc00000, 0x000000070be00000, 0x000000070be00000|100%| O|  |TAMS 0x000000070be00000, 0x000000070bc00000| Untracked 
|  95|0x000000070be00000, 0x000000070c000000, 0x000000070c000000|100%| O|  |TAMS 0x000000070c000000, 0x000000070be00000| Untracked 
|  96|0x000000070c000000, 0x000000070c200000, 0x000000070c200000|100%| O|  |TAMS 0x000000070c200000, 0x000000070c000000| Untracked 
|  97|0x000000070c200000, 0x000000070c400000, 0x000000070c400000|100%| O|  |TAMS 0x000000070c400000, 0x000000070c200000| Untracked 
|  98|0x000000070c400000, 0x000000070c600000, 0x000000070c600000|100%| O|  |TAMS 0x000000070c600000, 0x000000070c400000| Untracked 
|  99|0x000000070c600000, 0x000000070c800000, 0x000000070c800000|100%| O|  |TAMS 0x000000070c800000, 0x000000070c600000| Untracked 
| 100|0x000000070c800000, 0x000000070ca00000, 0x000000070ca00000|100%| O|  |TAMS 0x000000070ca00000, 0x000000070c800000| Untracked 
| 101|0x000000070ca00000, 0x000000070cc00000, 0x000000070cc00000|100%| O|  |TAMS 0x000000070cc00000, 0x000000070ca00000| Untracked 
| 102|0x000000070cc00000, 0x000000070ce00000, 0x000000070ce00000|100%| O|  |TAMS 0x000000070ce00000, 0x000000070cc00000| Untracked 
| 103|0x000000070ce00000, 0x000000070d000000, 0x000000070d000000|100%| O|  |TAMS 0x000000070d000000, 0x000000070ce00000| Untracked 
| 104|0x000000070d000000, 0x000000070d200000, 0x000000070d200000|100%| O|  |TAMS 0x000000070d200000, 0x000000070d000000| Untracked 
| 105|0x000000070d200000, 0x000000070d400000, 0x000000070d400000|100%| O|  |TAMS 0x000000070d400000, 0x000000070d200000| Untracked 
| 106|0x000000070d400000, 0x000000070d600000, 0x000000070d600000|100%| O|  |TAMS 0x000000070d600000, 0x000000070d400000| Untracked 
| 107|0x000000070d600000, 0x000000070d800000, 0x000000070d800000|100%| O|  |TAMS 0x000000070d800000, 0x000000070d600000| Untracked 
| 108|0x000000070d800000, 0x000000070da00000, 0x000000070da00000|100%| O|  |TAMS 0x000000070da00000, 0x000000070d800000| Untracked 
| 109|0x000000070da00000, 0x000000070dc00000, 0x000000070dc00000|100%| O|  |TAMS 0x000000070dc00000, 0x000000070da00000| Untracked 
| 110|0x000000070dc00000, 0x000000070de00000, 0x000000070de00000|100%| O|  |TAMS 0x000000070de00000, 0x000000070dc00000| Untracked 
| 111|0x000000070de00000, 0x000000070e000000, 0x000000070e000000|100%| O|  |TAMS 0x000000070e000000, 0x000000070de00000| Untracked 
| 112|0x000000070e000000, 0x000000070e200000, 0x000000070e200000|100%| O|  |TAMS 0x000000070e200000, 0x000000070e000000| Untracked 
| 113|0x000000070e200000, 0x000000070e400000, 0x000000070e400000|100%| O|  |TAMS 0x000000070e400000, 0x000000070e200000| Untracked 
| 114|0x000000070e400000, 0x000000070e600000, 0x000000070e600000|100%| O|  |TAMS 0x000000070e600000, 0x000000070e400000| Untracked 
| 115|0x000000070e600000, 0x000000070e800000, 0x000000070e800000|100%| O|  |TAMS 0x000000070e800000, 0x000000070e600000| Untracked 
| 116|0x000000070e800000, 0x000000070ea00000, 0x000000070ea00000|100%| O|  |TAMS 0x000000070ea00000, 0x000000070e800000| Untracked 
| 117|0x000000070ea00000, 0x000000070ec00000, 0x000000070ec00000|100%| O|  |TAMS 0x000000070ec00000, 0x000000070ea00000| Untracked 
| 118|0x000000070ec00000, 0x000000070ee00000, 0x000000070ee00000|100%| O|  |TAMS 0x000000070ee00000, 0x000000070ec00000| Untracked 
| 119|0x000000070ee00000, 0x000000070f000000, 0x000000070f000000|100%| O|  |TAMS 0x000000070f000000, 0x000000070ee00000| Untracked 
| 120|0x000000070f000000, 0x000000070f200000, 0x000000070f200000|100%| O|  |TAMS 0x000000070f200000, 0x000000070f000000| Untracked 
| 121|0x000000070f200000, 0x000000070f400000, 0x000000070f400000|100%| O|  |TAMS 0x000000070f400000, 0x000000070f200000| Untracked 
| 122|0x000000070f400000, 0x000000070f600000, 0x000000070f600000|100%| O|  |TAMS 0x000000070f600000, 0x000000070f400000| Untracked 
| 123|0x000000070f600000, 0x000000070f800000, 0x000000070f800000|100%| O|  |TAMS 0x000000070f800000, 0x000000070f600000| Untracked 
| 124|0x000000070f800000, 0x000000070fa00000, 0x000000070fa00000|100%| O|  |TAMS 0x000000070fa00000, 0x000000070f800000| Untracked 
| 125|0x000000070fa00000, 0x000000070fc00000, 0x000000070fc00000|100%| O|  |TAMS 0x000000070fc00000, 0x000000070fa00000| Untracked 
| 126|0x000000070fc00000, 0x000000070fe00000, 0x000000070fe00000|100%| O|  |TAMS 0x000000070fe00000, 0x000000070fc00000| Untracked 
| 127|0x000000070fe00000, 0x0000000710000000, 0x0000000710000000|100%| O|  |TAMS 0x0000000710000000, 0x000000070fe00000| Untracked 
| 128|0x0000000710000000, 0x0000000710200000, 0x0000000710200000|100%| O|  |TAMS 0x0000000710200000, 0x0000000710000000| Untracked 
| 129|0x0000000710200000, 0x0000000710400000, 0x0000000710400000|100%| O|  |TAMS 0x0000000710400000, 0x0000000710200000| Untracked 
| 130|0x0000000710400000, 0x0000000710600000, 0x0000000710600000|100%| O|  |TAMS 0x0000000710600000, 0x0000000710400000| Untracked 
| 131|0x0000000710600000, 0x0000000710800000, 0x0000000710800000|100%| O|  |TAMS 0x0000000710800000, 0x0000000710600000| Untracked 
| 132|0x0000000710800000, 0x0000000710a00000, 0x0000000710a00000|100%| O|  |TAMS 0x0000000710a00000, 0x0000000710800000| Untracked 
| 133|0x0000000710a00000, 0x0000000710c00000, 0x0000000710c00000|100%| O|  |TAMS 0x0000000710c00000, 0x0000000710a00000| Untracked 
| 134|0x0000000710c00000, 0x0000000710e00000, 0x0000000710e00000|100%| O|  |TAMS 0x0000000710e00000, 0x0000000710c00000| Untracked 
| 135|0x0000000710e00000, 0x0000000711000000, 0x0000000711000000|100%| O|  |TAMS 0x0000000711000000, 0x0000000710e00000| Untracked 
| 136|0x0000000711000000, 0x0000000711200000, 0x0000000711200000|100%| O|  |TAMS 0x0000000711200000, 0x0000000711000000| Untracked 
| 137|0x0000000711200000, 0x0000000711400000, 0x0000000711400000|100%| O|  |TAMS 0x0000000711400000, 0x0000000711200000| Untracked 
| 138|0x0000000711400000, 0x0000000711600000, 0x0000000711600000|100%| O|  |TAMS 0x0000000711600000, 0x0000000711400000| Untracked 
| 139|0x0000000711600000, 0x0000000711800000, 0x0000000711800000|100%| O|  |TAMS 0x0000000711800000, 0x0000000711600000| Untracked 
| 140|0x0000000711800000, 0x0000000711a00000, 0x0000000711a00000|100%| O|  |TAMS 0x0000000711a00000, 0x0000000711800000| Untracked 
| 141|0x0000000711a00000, 0x0000000711c00000, 0x0000000711c00000|100%| O|  |TAMS 0x0000000711a00000, 0x0000000711a00000| Untracked 
| 142|0x0000000711c00000, 0x0000000711e00000, 0x0000000711e00000|100%| O|  |TAMS 0x0000000711c00000, 0x0000000711c00000| Untracked 
| 143|0x0000000711e00000, 0x0000000712000000, 0x0000000712000000|100%| O|  |TAMS 0x0000000712000000, 0x0000000711e00000| Untracked 
| 144|0x0000000712000000, 0x0000000712200000, 0x0000000712200000|100%| O|  |TAMS 0x0000000712200000, 0x0000000712000000| Untracked 
| 145|0x0000000712200000, 0x0000000712400000, 0x0000000712400000|100%| O|  |TAMS 0x0000000712200000, 0x0000000712200000| Untracked 
| 146|0x0000000712400000, 0x0000000712600000, 0x0000000712600000|100%| O|  |TAMS 0x0000000712600000, 0x0000000712400000| Untracked 
| 147|0x0000000712600000, 0x0000000712800000, 0x0000000712800000|100%| O|  |TAMS 0x0000000712800000, 0x0000000712600000| Untracked 
| 148|0x0000000712800000, 0x0000000712a00000, 0x0000000712a00000|100%| O|  |TAMS 0x0000000712a00000, 0x0000000712800000| Untracked 
| 149|0x0000000712a00000, 0x0000000712c00000, 0x0000000712c00000|100%| O|  |TAMS 0x0000000712c00000, 0x0000000712a00000| Untracked 
| 150|0x0000000712c00000, 0x0000000712e00000, 0x0000000712e00000|100%| O|  |TAMS 0x0000000712e00000, 0x0000000712c00000| Untracked 
| 151|0x0000000712e00000, 0x0000000713000000, 0x0000000713000000|100%| O|  |TAMS 0x0000000713000000, 0x0000000712e00000| Untracked 
| 152|0x0000000713000000, 0x0000000713200000, 0x0000000713200000|100%| O|  |TAMS 0x0000000713200000, 0x0000000713000000| Untracked 
| 153|0x0000000713200000, 0x0000000713400000, 0x0000000713400000|100%| O|  |TAMS 0x0000000713200000, 0x0000000713200000| Untracked 
| 154|0x0000000713400000, 0x0000000713600000, 0x0000000713600000|100%| O|  |TAMS 0x0000000713400000, 0x0000000713400000| Untracked 
| 155|0x0000000713600000, 0x0000000713800000, 0x0000000713800000|100%| O|  |TAMS 0x0000000713600000, 0x0000000713600000| Untracked 
| 156|0x0000000713800000, 0x0000000713a00000, 0x0000000713a00000|100%| O|  |TAMS 0x0000000713800000, 0x0000000713800000| Untracked 
| 157|0x0000000713a00000, 0x0000000713c00000, 0x0000000713c00000|100%| O|  |TAMS 0x0000000713a00000, 0x0000000713a00000| Untracked 
| 158|0x0000000713c00000, 0x0000000713e00000, 0x0000000713e00000|100%| O|  |TAMS 0x0000000713e00000, 0x0000000713c00000| Untracked 
| 159|0x0000000713e00000, 0x0000000714000000, 0x0000000714000000|100%| O|  |TAMS 0x0000000714000000, 0x0000000713e00000| Untracked 
| 160|0x0000000714000000, 0x0000000714200000, 0x0000000714200000|100%| O|  |TAMS 0x0000000714000000, 0x0000000714000000| Untracked 
| 161|0x0000000714200000, 0x0000000714400000, 0x0000000714400000|100%| O|  |TAMS 0x0000000714200000, 0x0000000714200000| Untracked 
| 162|0x0000000714400000, 0x00000007144c1800, 0x0000000714600000| 37%| O|  |TAMS 0x0000000714400000, 0x0000000714400000| Untracked 
| 163|0x0000000714600000, 0x0000000714800000, 0x0000000714800000|100%| O|  |TAMS 0x0000000714600000, 0x0000000714600000| Untracked 
| 164|0x0000000714800000, 0x0000000714a00000, 0x0000000714a00000|100%| O|  |TAMS 0x0000000714a00000, 0x0000000714800000| Untracked 
| 165|0x0000000714a00000, 0x0000000714c00000, 0x0000000714c00000|100%| O|  |TAMS 0x0000000714c00000, 0x0000000714a00000| Untracked 
| 166|0x0000000714c00000, 0x0000000714e00000, 0x0000000714e00000|100%| O|  |TAMS 0x0000000714e00000, 0x0000000714c00000| Untracked 
| 167|0x0000000714e00000, 0x0000000715000000, 0x0000000715000000|100%| O|  |TAMS 0x0000000715000000, 0x0000000714e00000| Untracked 
| 168|0x0000000715000000, 0x0000000715200000, 0x0000000715200000|100%| O|  |TAMS 0x0000000715200000, 0x0000000715000000| Untracked 
| 169|0x0000000715200000, 0x0000000715200000, 0x0000000715400000|  0%| F|  |TAMS 0x0000000715200000, 0x0000000715200000| Untracked 
| 170|0x0000000715400000, 0x0000000715600000, 0x0000000715600000|100%| O|  |TAMS 0x0000000715400000, 0x0000000715400000| Untracked 
| 171|0x0000000715600000, 0x0000000715800000, 0x0000000715800000|100%| O|  |TAMS 0x0000000715800000, 0x0000000715600000| Untracked 
| 172|0x0000000715800000, 0x0000000715a00000, 0x0000000715a00000|100%| O|  |TAMS 0x0000000715800000, 0x0000000715800000| Untracked 
| 173|0x0000000715a00000, 0x0000000715c00000, 0x0000000715c00000|100%| O|  |TAMS 0x0000000715a00000, 0x0000000715a00000| Untracked 
| 174|0x0000000715c00000, 0x0000000715c00000, 0x0000000715e00000|  0%| F|  |TAMS 0x0000000715c00000, 0x0000000715c00000| Untracked 
| 175|0x0000000715e00000, 0x0000000715e00000, 0x0000000716000000|  0%| F|  |TAMS 0x0000000715e00000, 0x0000000715e00000| Untracked 
| 176|0x0000000716000000, 0x0000000716200000, 0x0000000716200000|100%| O|  |TAMS 0x0000000716200000, 0x0000000716000000| Untracked 
| 177|0x0000000716200000, 0x0000000716400000, 0x0000000716400000|100%| O|  |TAMS 0x0000000716400000, 0x0000000716200000| Untracked 
| 178|0x0000000716400000, 0x0000000716600000, 0x0000000716600000|100%| O|  |TAMS 0x0000000716600000, 0x0000000716400000| Untracked 
| 179|0x0000000716600000, 0x0000000716800000, 0x0000000716800000|100%| O|  |TAMS 0x0000000716800000, 0x0000000716600000| Untracked 
| 180|0x0000000716800000, 0x0000000716a00000, 0x0000000716a00000|100%| O|  |TAMS 0x0000000716a00000, 0x0000000716800000| Untracked 
| 181|0x0000000716a00000, 0x0000000716c00000, 0x0000000716c00000|100%| O|  |TAMS 0x0000000716c00000, 0x0000000716a00000| Untracked 
| 182|0x0000000716c00000, 0x0000000716e00000, 0x0000000716e00000|100%| O|  |TAMS 0x0000000716e00000, 0x0000000716c00000| Untracked 
| 183|0x0000000716e00000, 0x0000000717000000, 0x0000000717000000|100%| O|  |TAMS 0x0000000717000000, 0x0000000716e00000| Untracked 
| 184|0x0000000717000000, 0x0000000717200000, 0x0000000717200000|100%| O|  |TAMS 0x0000000717200000, 0x0000000717000000| Untracked 
| 185|0x0000000717200000, 0x0000000717400000, 0x0000000717400000|100%| O|  |TAMS 0x0000000717400000, 0x0000000717200000| Untracked 
| 186|0x0000000717400000, 0x0000000717600000, 0x0000000717600000|100%| O|  |TAMS 0x0000000717600000, 0x0000000717400000| Untracked 
| 187|0x0000000717600000, 0x0000000717800000, 0x0000000717800000|100%| O|  |TAMS 0x0000000717800000, 0x0000000717600000| Untracked 
| 188|0x0000000717800000, 0x0000000717a00000, 0x0000000717a00000|100%| O|  |TAMS 0x0000000717a00000, 0x0000000717800000| Untracked 
| 189|0x0000000717a00000, 0x0000000717c00000, 0x0000000717c00000|100%| O|  |TAMS 0x0000000717a63a00, 0x0000000717a00000| Untracked 
| 190|0x0000000717c00000, 0x0000000717e00000, 0x0000000717e00000|100%| O|  |TAMS 0x0000000717c00000, 0x0000000717c00000| Untracked 
| 191|0x0000000717e00000, 0x0000000718000000, 0x0000000718000000|100%| O|  |TAMS 0x0000000717e00000, 0x0000000717e00000| Untracked 
| 192|0x0000000718000000, 0x0000000718200000, 0x0000000718200000|100%| O|  |TAMS 0x0000000718000000, 0x0000000718000000| Untracked 
| 193|0x0000000718200000, 0x0000000718400000, 0x0000000718400000|100%| O|  |TAMS 0x0000000718200000, 0x0000000718200000| Untracked 
| 194|0x0000000718400000, 0x0000000718600000, 0x0000000718600000|100%| O|  |TAMS 0x0000000718400000, 0x0000000718400000| Untracked 
| 195|0x0000000718600000, 0x0000000718800000, 0x0000000718800000|100%| O|  |TAMS 0x0000000718600000, 0x0000000718600000| Untracked 
| 196|0x0000000718800000, 0x0000000718a00000, 0x0000000718a00000|100%| O|  |TAMS 0x0000000718800000, 0x0000000718800000| Untracked 
| 197|0x0000000718a00000, 0x0000000718c00000, 0x0000000718c00000|100%| O|  |TAMS 0x0000000718a00000, 0x0000000718a00000| Untracked 
| 198|0x0000000718c00000, 0x0000000718e00000, 0x0000000718e00000|100%| O|  |TAMS 0x0000000718c00000, 0x0000000718c00000| Untracked 
| 199|0x0000000718e00000, 0x0000000719000000, 0x0000000719000000|100%| O|  |TAMS 0x0000000718e00000, 0x0000000718e00000| Untracked 
| 200|0x0000000719000000, 0x0000000719200000, 0x0000000719200000|100%| O|  |TAMS 0x0000000719000000, 0x0000000719000000| Untracked 
| 201|0x0000000719200000, 0x0000000719400000, 0x0000000719400000|100%| O|  |TAMS 0x0000000719200000, 0x0000000719200000| Untracked 
| 202|0x0000000719400000, 0x0000000719600000, 0x0000000719600000|100%| O|  |TAMS 0x0000000719400000, 0x0000000719400000| Untracked 
| 203|0x0000000719600000, 0x0000000719800000, 0x0000000719800000|100%| O|  |TAMS 0x0000000719600000, 0x0000000719600000| Untracked 
| 204|0x0000000719800000, 0x0000000719a00000, 0x0000000719a00000|100%| O|  |TAMS 0x0000000719800000, 0x0000000719800000| Untracked 
| 205|0x0000000719a00000, 0x0000000719c00000, 0x0000000719c00000|100%| O|  |TAMS 0x0000000719a00000, 0x0000000719a00000| Untracked 
| 206|0x0000000719c00000, 0x0000000719e00000, 0x0000000719e00000|100%| O|  |TAMS 0x0000000719c00000, 0x0000000719c00000| Untracked 
| 207|0x0000000719e00000, 0x000000071a000000, 0x000000071a000000|100%| O|  |TAMS 0x0000000719e00000, 0x0000000719e00000| Untracked 
| 208|0x000000071a000000, 0x000000071a200000, 0x000000071a200000|100%| O|  |TAMS 0x000000071a000000, 0x000000071a000000| Untracked 
| 209|0x000000071a200000, 0x000000071a400000, 0x000000071a400000|100%| O|  |TAMS 0x000000071a200000, 0x000000071a200000| Untracked 
| 210|0x000000071a400000, 0x000000071a600000, 0x000000071a600000|100%| O|  |TAMS 0x000000071a400000, 0x000000071a400000| Untracked 
| 211|0x000000071a600000, 0x000000071a800000, 0x000000071a800000|100%| O|  |TAMS 0x000000071a600000, 0x000000071a600000| Untracked 
| 212|0x000000071a800000, 0x000000071aa00000, 0x000000071aa00000|100%| O|  |TAMS 0x000000071a800000, 0x000000071a800000| Untracked 
| 213|0x000000071aa00000, 0x000000071ac00000, 0x000000071ac00000|100%| O|  |TAMS 0x000000071aa00000, 0x000000071aa00000| Untracked 
| 214|0x000000071ac00000, 0x000000071ae00000, 0x000000071ae00000|100%| O|  |TAMS 0x000000071ac00000, 0x000000071ac00000| Untracked 
| 215|0x000000071ae00000, 0x000000071b000000, 0x000000071b000000|100%| O|  |TAMS 0x000000071ae00000, 0x000000071ae00000| Untracked 
| 216|0x000000071b000000, 0x000000071b200000, 0x000000071b200000|100%| O|  |TAMS 0x000000071b000000, 0x000000071b000000| Untracked 
| 217|0x000000071b200000, 0x000000071b400000, 0x000000071b400000|100%| O|  |TAMS 0x000000071b200000, 0x000000071b200000| Untracked 
| 218|0x000000071b400000, 0x000000071b600000, 0x000000071b600000|100%| O|  |TAMS 0x000000071b400000, 0x000000071b400000| Untracked 
| 219|0x000000071b600000, 0x000000071b800000, 0x000000071b800000|100%| O|  |TAMS 0x000000071b600000, 0x000000071b600000| Untracked 
| 220|0x000000071b800000, 0x000000071ba00000, 0x000000071ba00000|100%| O|  |TAMS 0x000000071b800000, 0x000000071b800000| Untracked 
| 221|0x000000071ba00000, 0x000000071bc00000, 0x000000071bc00000|100%| O|  |TAMS 0x000000071ba00000, 0x000000071ba00000| Untracked 
| 222|0x000000071bc00000, 0x000000071be00000, 0x000000071be00000|100%| O|  |TAMS 0x000000071bc00000, 0x000000071bc00000| Untracked 
| 223|0x000000071be00000, 0x000000071c000000, 0x000000071c000000|100%| O|  |TAMS 0x000000071be00000, 0x000000071be00000| Untracked 
| 224|0x000000071c000000, 0x000000071c200000, 0x000000071c200000|100%| O|  |TAMS 0x000000071c000000, 0x000000071c000000| Untracked 
| 225|0x000000071c200000, 0x000000071c400000, 0x000000071c400000|100%| O|  |TAMS 0x000000071c200000, 0x000000071c200000| Untracked 
| 226|0x000000071c400000, 0x000000071c600000, 0x000000071c600000|100%| O|  |TAMS 0x000000071c400000, 0x000000071c400000| Untracked 
| 227|0x000000071c600000, 0x000000071c600000, 0x000000071c800000|  0%| F|  |TAMS 0x000000071c600000, 0x000000071c600000| Untracked 
| 228|0x000000071c800000, 0x000000071c800000, 0x000000071ca00000|  0%| F|  |TAMS 0x000000071c800000, 0x000000071c800000| Untracked 
| 229|0x000000071ca00000, 0x000000071ca00000, 0x000000071cc00000|  0%| F|  |TAMS 0x000000071ca00000, 0x000000071ca00000| Untracked 
| 230|0x000000071cc00000, 0x000000071cc00000, 0x000000071ce00000|  0%| F|  |TAMS 0x000000071cc00000, 0x000000071cc00000| Untracked 
| 231|0x000000071ce00000, 0x000000071ce00000, 0x000000071d000000|  0%| F|  |TAMS 0x000000071ce00000, 0x000000071ce00000| Untracked 
| 232|0x000000071d000000, 0x000000071d000000, 0x000000071d200000|  0%| F|  |TAMS 0x000000071d000000, 0x000000071d000000| Untracked 
| 233|0x000000071d200000, 0x000000071d200000, 0x000000071d400000|  0%| F|  |TAMS 0x000000071d200000, 0x000000071d200000| Untracked 
| 234|0x000000071d400000, 0x000000071d400000, 0x000000071d600000|  0%| F|  |TAMS 0x000000071d400000, 0x000000071d400000| Untracked 
| 235|0x000000071d600000, 0x000000071d600000, 0x000000071d800000|  0%| F|  |TAMS 0x000000071d600000, 0x000000071d600000| Untracked 
| 236|0x000000071d800000, 0x000000071d800000, 0x000000071da00000|  0%| F|  |TAMS 0x000000071d800000, 0x000000071d800000| Untracked 
| 237|0x000000071da00000, 0x000000071da00000, 0x000000071dc00000|  0%| F|  |TAMS 0x000000071da00000, 0x000000071da00000| Untracked 
| 238|0x000000071dc00000, 0x000000071dc00000, 0x000000071de00000|  0%| F|  |TAMS 0x000000071dc00000, 0x000000071dc00000| Untracked 
| 239|0x000000071de00000, 0x000000071de00000, 0x000000071e000000|  0%| F|  |TAMS 0x000000071de00000, 0x000000071de00000| Untracked 
| 240|0x000000071e000000, 0x000000071e000000, 0x000000071e200000|  0%| F|  |TAMS 0x000000071e000000, 0x000000071e000000| Untracked 
| 241|0x000000071e200000, 0x000000071e200000, 0x000000071e400000|  0%| F|  |TAMS 0x000000071e200000, 0x000000071e200000| Untracked 
| 242|0x000000071e400000, 0x000000071e400000, 0x000000071e600000|  0%| F|  |TAMS 0x000000071e400000, 0x000000071e400000| Untracked 
| 243|0x000000071e600000, 0x000000071e600000, 0x000000071e800000|  0%| F|  |TAMS 0x000000071e600000, 0x000000071e600000| Untracked 
| 244|0x000000071e800000, 0x000000071e800000, 0x000000071ea00000|  0%| F|  |TAMS 0x000000071e800000, 0x000000071e800000| Untracked 
| 245|0x000000071ea00000, 0x000000071ea00000, 0x000000071ec00000|  0%| F|  |TAMS 0x000000071ea00000, 0x000000071ea00000| Untracked 
| 246|0x000000071ec00000, 0x000000071ec00000, 0x000000071ee00000|  0%| F|  |TAMS 0x000000071ec00000, 0x000000071ec00000| Untracked 
| 247|0x000000071ee00000, 0x000000071ee00000, 0x000000071f000000|  0%| F|  |TAMS 0x000000071ee00000, 0x000000071ee00000| Untracked 
| 248|0x000000071f000000, 0x000000071f000000, 0x000000071f200000|  0%| F|  |TAMS 0x000000071f000000, 0x000000071f000000| Untracked 
| 249|0x000000071f200000, 0x000000071f200000, 0x000000071f400000|  0%| F|  |TAMS 0x000000071f200000, 0x000000071f200000| Untracked 
| 250|0x000000071f400000, 0x000000071f400000, 0x000000071f600000|  0%| F|  |TAMS 0x000000071f400000, 0x000000071f400000| Untracked 
| 251|0x000000071f600000, 0x000000071f600000, 0x000000071f800000|  0%| F|  |TAMS 0x000000071f600000, 0x000000071f600000| Untracked 
| 252|0x000000071f800000, 0x000000071f800000, 0x000000071fa00000|  0%| F|  |TAMS 0x000000071f800000, 0x000000071f800000| Untracked 
| 253|0x000000071fa00000, 0x000000071fa00000, 0x000000071fc00000|  0%| F|  |TAMS 0x000000071fa00000, 0x000000071fa00000| Untracked 
| 254|0x000000071fc00000, 0x000000071fc00000, 0x000000071fe00000|  0%| F|  |TAMS 0x000000071fc00000, 0x000000071fc00000| Untracked 
| 255|0x000000071fe00000, 0x000000071fe00000, 0x0000000720000000|  0%| F|  |TAMS 0x000000071fe00000, 0x000000071fe00000| Untracked 
| 256|0x0000000720000000, 0x0000000720000000, 0x0000000720200000|  0%| F|  |TAMS 0x0000000720000000, 0x0000000720000000| Untracked 
| 257|0x0000000720200000, 0x0000000720200000, 0x0000000720400000|  0%| F|  |TAMS 0x0000000720200000, 0x0000000720200000| Untracked 
| 258|0x0000000720400000, 0x0000000720400000, 0x0000000720600000|  0%| F|  |TAMS 0x0000000720400000, 0x0000000720400000| Untracked 
| 259|0x0000000720600000, 0x0000000720600000, 0x0000000720800000|  0%| F|  |TAMS 0x0000000720600000, 0x0000000720600000| Untracked 
| 260|0x0000000720800000, 0x0000000720800000, 0x0000000720a00000|  0%| F|  |TAMS 0x0000000720800000, 0x0000000720800000| Untracked 
| 261|0x0000000720a00000, 0x0000000720a00000, 0x0000000720c00000|  0%| F|  |TAMS 0x0000000720a00000, 0x0000000720a00000| Untracked 
| 262|0x0000000720c00000, 0x0000000720c00000, 0x0000000720e00000|  0%| F|  |TAMS 0x0000000720c00000, 0x0000000720c00000| Untracked 
| 263|0x0000000720e00000, 0x0000000720e00000, 0x0000000721000000|  0%| F|  |TAMS 0x0000000720e00000, 0x0000000720e00000| Untracked 
| 264|0x0000000721000000, 0x0000000721000000, 0x0000000721200000|  0%| F|  |TAMS 0x0000000721000000, 0x0000000721000000| Untracked 
| 265|0x0000000721200000, 0x0000000721200000, 0x0000000721400000|  0%| F|  |TAMS 0x0000000721200000, 0x0000000721200000| Untracked 
| 266|0x0000000721400000, 0x0000000721400000, 0x0000000721600000|  0%| F|  |TAMS 0x0000000721400000, 0x0000000721400000| Untracked 
| 267|0x0000000721600000, 0x0000000721600000, 0x0000000721800000|  0%| F|  |TAMS 0x0000000721600000, 0x0000000721600000| Untracked 
| 268|0x0000000721800000, 0x0000000721800000, 0x0000000721a00000|  0%| F|  |TAMS 0x0000000721800000, 0x0000000721800000| Untracked 
| 269|0x0000000721a00000, 0x0000000721a00000, 0x0000000721c00000|  0%| F|  |TAMS 0x0000000721a00000, 0x0000000721a00000| Untracked 
| 270|0x0000000721c00000, 0x0000000721c00000, 0x0000000721e00000|  0%| F|  |TAMS 0x0000000721c00000, 0x0000000721c00000| Untracked 
| 271|0x0000000721e00000, 0x0000000721e00000, 0x0000000722000000|  0%| F|  |TAMS 0x0000000721e00000, 0x0000000721e00000| Untracked 
| 272|0x0000000722000000, 0x0000000722000000, 0x0000000722200000|  0%| F|  |TAMS 0x0000000722000000, 0x0000000722000000| Untracked 
| 273|0x0000000722200000, 0x0000000722200000, 0x0000000722400000|  0%| F|  |TAMS 0x0000000722200000, 0x0000000722200000| Untracked 
| 274|0x0000000722400000, 0x0000000722400000, 0x0000000722600000|  0%| F|  |TAMS 0x0000000722400000, 0x0000000722400000| Untracked 
| 275|0x0000000722600000, 0x0000000722600000, 0x0000000722800000|  0%| F|  |TAMS 0x0000000722600000, 0x0000000722600000| Untracked 
| 276|0x0000000722800000, 0x0000000722800000, 0x0000000722a00000|  0%| F|  |TAMS 0x0000000722800000, 0x0000000722800000| Untracked 
| 277|0x0000000722a00000, 0x0000000722a00000, 0x0000000722c00000|  0%| F|  |TAMS 0x0000000722a00000, 0x0000000722a00000| Untracked 
| 278|0x0000000722c00000, 0x0000000722c00000, 0x0000000722e00000|  0%| F|  |TAMS 0x0000000722c00000, 0x0000000722c00000| Untracked 
| 279|0x0000000722e00000, 0x0000000722e00000, 0x0000000723000000|  0%| F|  |TAMS 0x0000000722e00000, 0x0000000722e00000| Untracked 
| 280|0x0000000723000000, 0x0000000723000000, 0x0000000723200000|  0%| F|  |TAMS 0x0000000723000000, 0x0000000723000000| Untracked 
| 281|0x0000000723200000, 0x0000000723200000, 0x0000000723400000|  0%| F|  |TAMS 0x0000000723200000, 0x0000000723200000| Untracked 
| 282|0x0000000723400000, 0x0000000723400000, 0x0000000723600000|  0%| F|  |TAMS 0x0000000723400000, 0x0000000723400000| Untracked 
| 283|0x0000000723600000, 0x0000000723600000, 0x0000000723800000|  0%| F|  |TAMS 0x0000000723600000, 0x0000000723600000| Untracked 
| 284|0x0000000723800000, 0x0000000723800000, 0x0000000723a00000|  0%| F|  |TAMS 0x0000000723800000, 0x0000000723800000| Untracked 
| 285|0x0000000723a00000, 0x0000000723a00000, 0x0000000723c00000|  0%| F|  |TAMS 0x0000000723a00000, 0x0000000723a00000| Untracked 
| 286|0x0000000723c00000, 0x0000000723c00000, 0x0000000723e00000|  0%| F|  |TAMS 0x0000000723c00000, 0x0000000723c00000| Untracked 
| 287|0x0000000723e00000, 0x0000000723e00000, 0x0000000724000000|  0%| F|  |TAMS 0x0000000723e00000, 0x0000000723e00000| Untracked 
| 288|0x0000000724000000, 0x0000000724000000, 0x0000000724200000|  0%| F|  |TAMS 0x0000000724000000, 0x0000000724000000| Untracked 
| 289|0x0000000724200000, 0x0000000724200000, 0x0000000724400000|  0%| F|  |TAMS 0x0000000724200000, 0x0000000724200000| Untracked 
| 290|0x0000000724400000, 0x0000000724400000, 0x0000000724600000|  0%| F|  |TAMS 0x0000000724400000, 0x0000000724400000| Untracked 
| 291|0x0000000724600000, 0x0000000724600000, 0x0000000724800000|  0%| F|  |TAMS 0x0000000724600000, 0x0000000724600000| Untracked 
| 292|0x0000000724800000, 0x0000000724800000, 0x0000000724a00000|  0%| F|  |TAMS 0x0000000724800000, 0x0000000724800000| Untracked 
| 293|0x0000000724a00000, 0x0000000724a00000, 0x0000000724c00000|  0%| F|  |TAMS 0x0000000724a00000, 0x0000000724a00000| Untracked 
| 294|0x0000000724c00000, 0x0000000724c00000, 0x0000000724e00000|  0%| F|  |TAMS 0x0000000724c00000, 0x0000000724c00000| Untracked 
| 295|0x0000000724e00000, 0x0000000724e00000, 0x0000000725000000|  0%| F|  |TAMS 0x0000000724e00000, 0x0000000724e00000| Untracked 
| 296|0x0000000725000000, 0x0000000725000000, 0x0000000725200000|  0%| F|  |TAMS 0x0000000725000000, 0x0000000725000000| Untracked 
| 297|0x0000000725200000, 0x0000000725200000, 0x0000000725400000|  0%| F|  |TAMS 0x0000000725200000, 0x0000000725200000| Untracked 
| 298|0x0000000725400000, 0x0000000725400000, 0x0000000725600000|  0%| F|  |TAMS 0x0000000725400000, 0x0000000725400000| Untracked 
| 299|0x0000000725600000, 0x0000000725600000, 0x0000000725800000|  0%| F|  |TAMS 0x0000000725600000, 0x0000000725600000| Untracked 
| 300|0x0000000725800000, 0x0000000725800000, 0x0000000725a00000|  0%| F|  |TAMS 0x0000000725800000, 0x0000000725800000| Untracked 
| 301|0x0000000725a00000, 0x0000000725a00000, 0x0000000725c00000|  0%| F|  |TAMS 0x0000000725a00000, 0x0000000725a00000| Untracked 
| 302|0x0000000725c00000, 0x0000000725c00000, 0x0000000725e00000|  0%| F|  |TAMS 0x0000000725c00000, 0x0000000725c00000| Untracked 
| 303|0x0000000725e00000, 0x0000000725e00000, 0x0000000726000000|  0%| F|  |TAMS 0x0000000725e00000, 0x0000000725e00000| Untracked 
| 304|0x0000000726000000, 0x0000000726000000, 0x0000000726200000|  0%| F|  |TAMS 0x0000000726000000, 0x0000000726000000| Untracked 
| 305|0x0000000726200000, 0x0000000726200000, 0x0000000726400000|  0%| F|  |TAMS 0x0000000726200000, 0x0000000726200000| Untracked 
| 306|0x0000000726400000, 0x0000000726400000, 0x0000000726600000|  0%| F|  |TAMS 0x0000000726400000, 0x0000000726400000| Untracked 
| 307|0x0000000726600000, 0x0000000726600000, 0x0000000726800000|  0%| F|  |TAMS 0x0000000726600000, 0x0000000726600000| Untracked 
| 308|0x0000000726800000, 0x0000000726800000, 0x0000000726a00000|  0%| F|  |TAMS 0x0000000726800000, 0x0000000726800000| Untracked 
| 309|0x0000000726a00000, 0x0000000726a00000, 0x0000000726c00000|  0%| F|  |TAMS 0x0000000726a00000, 0x0000000726a00000| Untracked 
| 310|0x0000000726c00000, 0x0000000726c00000, 0x0000000726e00000|  0%| F|  |TAMS 0x0000000726c00000, 0x0000000726c00000| Untracked 
| 311|0x0000000726e00000, 0x0000000726e00000, 0x0000000727000000|  0%| F|  |TAMS 0x0000000726e00000, 0x0000000726e00000| Untracked 
| 312|0x0000000727000000, 0x0000000727000000, 0x0000000727200000|  0%| F|  |TAMS 0x0000000727000000, 0x0000000727000000| Untracked 
| 313|0x0000000727200000, 0x0000000727200000, 0x0000000727400000|  0%| F|  |TAMS 0x0000000727200000, 0x0000000727200000| Untracked 
| 314|0x0000000727400000, 0x0000000727400000, 0x0000000727600000|  0%| F|  |TAMS 0x0000000727400000, 0x0000000727400000| Untracked 
| 315|0x0000000727600000, 0x0000000727600000, 0x0000000727800000|  0%| F|  |TAMS 0x0000000727600000, 0x0000000727600000| Untracked 
| 316|0x0000000727800000, 0x0000000727800000, 0x0000000727a00000|  0%| F|  |TAMS 0x0000000727800000, 0x0000000727800000| Untracked 
| 317|0x0000000727a00000, 0x0000000727a00000, 0x0000000727c00000|  0%| F|  |TAMS 0x0000000727a00000, 0x0000000727a00000| Untracked 
| 318|0x0000000727c00000, 0x0000000727c00000, 0x0000000727e00000|  0%| F|  |TAMS 0x0000000727c00000, 0x0000000727c00000| Untracked 
| 319|0x0000000727e00000, 0x0000000727e00000, 0x0000000728000000|  0%| F|  |TAMS 0x0000000727e00000, 0x0000000727e00000| Untracked 
| 320|0x0000000728000000, 0x0000000728000000, 0x0000000728200000|  0%| F|  |TAMS 0x0000000728000000, 0x0000000728000000| Untracked 
| 321|0x0000000728200000, 0x0000000728200000, 0x0000000728400000|  0%| F|  |TAMS 0x0000000728200000, 0x0000000728200000| Untracked 
| 322|0x0000000728400000, 0x0000000728400000, 0x0000000728600000|  0%| F|  |TAMS 0x0000000728400000, 0x0000000728400000| Untracked 
| 323|0x0000000728600000, 0x0000000728600000, 0x0000000728800000|  0%| F|  |TAMS 0x0000000728600000, 0x0000000728600000| Untracked 
| 324|0x0000000728800000, 0x0000000728800000, 0x0000000728a00000|  0%| F|  |TAMS 0x0000000728800000, 0x0000000728800000| Untracked 
| 325|0x0000000728a00000, 0x0000000728a00000, 0x0000000728c00000|  0%| F|  |TAMS 0x0000000728a00000, 0x0000000728a00000| Untracked 
| 326|0x0000000728c00000, 0x0000000728c00000, 0x0000000728e00000|  0%| F|  |TAMS 0x0000000728c00000, 0x0000000728c00000| Untracked 
| 327|0x0000000728e00000, 0x0000000728e00000, 0x0000000729000000|  0%| F|  |TAMS 0x0000000728e00000, 0x0000000728e00000| Untracked 
| 328|0x0000000729000000, 0x0000000729000000, 0x0000000729200000|  0%| F|  |TAMS 0x0000000729000000, 0x0000000729000000| Untracked 
| 329|0x0000000729200000, 0x0000000729200000, 0x0000000729400000|  0%| F|  |TAMS 0x0000000729200000, 0x0000000729200000| Untracked 
| 330|0x0000000729400000, 0x0000000729400000, 0x0000000729600000|  0%| F|  |TAMS 0x0000000729400000, 0x0000000729400000| Untracked 
| 331|0x0000000729600000, 0x0000000729600000, 0x0000000729800000|  0%| F|  |TAMS 0x0000000729600000, 0x0000000729600000| Untracked 
| 332|0x0000000729800000, 0x0000000729800000, 0x0000000729a00000|  0%| F|  |TAMS 0x0000000729800000, 0x0000000729800000| Untracked 
| 333|0x0000000729a00000, 0x0000000729a00000, 0x0000000729c00000|  0%| F|  |TAMS 0x0000000729a00000, 0x0000000729a00000| Untracked 
| 334|0x0000000729c00000, 0x0000000729c00000, 0x0000000729e00000|  0%| F|  |TAMS 0x0000000729c00000, 0x0000000729c00000| Untracked 
| 335|0x0000000729e00000, 0x0000000729e00000, 0x000000072a000000|  0%| F|  |TAMS 0x0000000729e00000, 0x0000000729e00000| Untracked 
| 336|0x000000072a000000, 0x000000072a000000, 0x000000072a200000|  0%| F|  |TAMS 0x000000072a000000, 0x000000072a000000| Untracked 
| 337|0x000000072a200000, 0x000000072a200000, 0x000000072a400000|  0%| F|  |TAMS 0x000000072a200000, 0x000000072a200000| Untracked 
| 338|0x000000072a400000, 0x000000072a400000, 0x000000072a600000|  0%| F|  |TAMS 0x000000072a400000, 0x000000072a400000| Untracked 
| 339|0x000000072a600000, 0x000000072a600000, 0x000000072a800000|  0%| F|  |TAMS 0x000000072a600000, 0x000000072a600000| Untracked 
| 340|0x000000072a800000, 0x000000072a800000, 0x000000072aa00000|  0%| F|  |TAMS 0x000000072a800000, 0x000000072a800000| Untracked 
| 341|0x000000072aa00000, 0x000000072aa00000, 0x000000072ac00000|  0%| F|  |TAMS 0x000000072aa00000, 0x000000072aa00000| Untracked 
| 342|0x000000072ac00000, 0x000000072ac00000, 0x000000072ae00000|  0%| F|  |TAMS 0x000000072ac00000, 0x000000072ac00000| Untracked 
| 343|0x000000072ae00000, 0x000000072ae00000, 0x000000072b000000|  0%| F|  |TAMS 0x000000072ae00000, 0x000000072ae00000| Untracked 
| 344|0x000000072b000000, 0x000000072b000000, 0x000000072b200000|  0%| F|  |TAMS 0x000000072b000000, 0x000000072b000000| Untracked 
| 345|0x000000072b200000, 0x000000072b200000, 0x000000072b400000|  0%| F|  |TAMS 0x000000072b200000, 0x000000072b200000| Untracked 
| 346|0x000000072b400000, 0x000000072b400000, 0x000000072b600000|  0%| F|  |TAMS 0x000000072b400000, 0x000000072b400000| Untracked 
| 347|0x000000072b600000, 0x000000072b600000, 0x000000072b800000|  0%| F|  |TAMS 0x000000072b600000, 0x000000072b600000| Untracked 
| 348|0x000000072b800000, 0x000000072b800000, 0x000000072ba00000|  0%| F|  |TAMS 0x000000072b800000, 0x000000072b800000| Untracked 
| 349|0x000000072ba00000, 0x000000072ba00000, 0x000000072bc00000|  0%| F|  |TAMS 0x000000072ba00000, 0x000000072ba00000| Untracked 
| 350|0x000000072bc00000, 0x000000072bc00000, 0x000000072be00000|  0%| F|  |TAMS 0x000000072bc00000, 0x000000072bc00000| Untracked 
| 351|0x000000072be00000, 0x000000072be00000, 0x000000072c000000|  0%| F|  |TAMS 0x000000072be00000, 0x000000072be00000| Untracked 
| 352|0x000000072c000000, 0x000000072c000000, 0x000000072c200000|  0%| F|  |TAMS 0x000000072c000000, 0x000000072c000000| Untracked 
| 353|0x000000072c200000, 0x000000072c200000, 0x000000072c400000|  0%| F|  |TAMS 0x000000072c200000, 0x000000072c200000| Untracked 
| 354|0x000000072c400000, 0x000000072c400000, 0x000000072c600000|  0%| F|  |TAMS 0x000000072c400000, 0x000000072c400000| Untracked 
| 355|0x000000072c600000, 0x000000072c600000, 0x000000072c800000|  0%| F|  |TAMS 0x000000072c600000, 0x000000072c600000| Untracked 
| 356|0x000000072c800000, 0x000000072c800000, 0x000000072ca00000|  0%| F|  |TAMS 0x000000072c800000, 0x000000072c800000| Untracked 
| 357|0x000000072ca00000, 0x000000072ca00000, 0x000000072cc00000|  0%| F|  |TAMS 0x000000072ca00000, 0x000000072ca00000| Untracked 
| 358|0x000000072cc00000, 0x000000072cc00000, 0x000000072ce00000|  0%| F|  |TAMS 0x000000072cc00000, 0x000000072cc00000| Untracked 
| 359|0x000000072ce00000, 0x000000072ce00000, 0x000000072d000000|  0%| F|  |TAMS 0x000000072ce00000, 0x000000072ce00000| Untracked 
| 360|0x000000072d000000, 0x000000072d000000, 0x000000072d200000|  0%| F|  |TAMS 0x000000072d000000, 0x000000072d000000| Untracked 
| 361|0x000000072d200000, 0x000000072d200000, 0x000000072d400000|  0%| F|  |TAMS 0x000000072d200000, 0x000000072d200000| Untracked 
| 362|0x000000072d400000, 0x000000072d400000, 0x000000072d600000|  0%| F|  |TAMS 0x000000072d400000, 0x000000072d400000| Untracked 
| 363|0x000000072d600000, 0x000000072d600000, 0x000000072d800000|  0%| F|  |TAMS 0x000000072d600000, 0x000000072d600000| Untracked 
| 364|0x000000072d800000, 0x000000072d800000, 0x000000072da00000|  0%| F|  |TAMS 0x000000072d800000, 0x000000072d800000| Untracked 
| 365|0x000000072da00000, 0x000000072da00000, 0x000000072dc00000|  0%| F|  |TAMS 0x000000072da00000, 0x000000072da00000| Untracked 
| 366|0x000000072dc00000, 0x000000072dc00000, 0x000000072de00000|  0%| F|  |TAMS 0x000000072dc00000, 0x000000072dc00000| Untracked 
| 367|0x000000072de00000, 0x000000072de00000, 0x000000072e000000|  0%| F|  |TAMS 0x000000072de00000, 0x000000072de00000| Untracked 
| 368|0x000000072e000000, 0x000000072e000000, 0x000000072e200000|  0%| F|  |TAMS 0x000000072e000000, 0x000000072e000000| Untracked 
| 369|0x000000072e200000, 0x000000072e200000, 0x000000072e400000|  0%| F|  |TAMS 0x000000072e200000, 0x000000072e200000| Untracked 
| 370|0x000000072e400000, 0x000000072e400000, 0x000000072e600000|  0%| F|  |TAMS 0x000000072e400000, 0x000000072e400000| Untracked 
| 371|0x000000072e600000, 0x000000072e600000, 0x000000072e800000|  0%| F|  |TAMS 0x000000072e600000, 0x000000072e600000| Untracked 
| 372|0x000000072e800000, 0x000000072e800000, 0x000000072ea00000|  0%| F|  |TAMS 0x000000072e800000, 0x000000072e800000| Untracked 
| 373|0x000000072ea00000, 0x000000072ea00000, 0x000000072ec00000|  0%| F|  |TAMS 0x000000072ea00000, 0x000000072ea00000| Untracked 
| 374|0x000000072ec00000, 0x000000072ec00000, 0x000000072ee00000|  0%| F|  |TAMS 0x000000072ec00000, 0x000000072ec00000| Untracked 
| 375|0x000000072ee00000, 0x000000072ee00000, 0x000000072f000000|  0%| F|  |TAMS 0x000000072ee00000, 0x000000072ee00000| Untracked 
| 376|0x000000072f000000, 0x000000072f000000, 0x000000072f200000|  0%| F|  |TAMS 0x000000072f000000, 0x000000072f000000| Untracked 
| 377|0x000000072f200000, 0x000000072f200000, 0x000000072f400000|  0%| F|  |TAMS 0x000000072f200000, 0x000000072f200000| Untracked 
| 378|0x000000072f400000, 0x000000072f400000, 0x000000072f600000|  0%| F|  |TAMS 0x000000072f400000, 0x000000072f400000| Untracked 
| 379|0x000000072f600000, 0x000000072f600000, 0x000000072f800000|  0%| F|  |TAMS 0x000000072f600000, 0x000000072f600000| Untracked 
| 380|0x000000072f800000, 0x000000072f800000, 0x000000072fa00000|  0%| F|  |TAMS 0x000000072f800000, 0x000000072f800000| Untracked 
| 381|0x000000072fa00000, 0x000000072fa00000, 0x000000072fc00000|  0%| F|  |TAMS 0x000000072fa00000, 0x000000072fa00000| Untracked 
| 382|0x000000072fc00000, 0x000000072fc00000, 0x000000072fe00000|  0%| F|  |TAMS 0x000000072fc00000, 0x000000072fc00000| Untracked 
| 383|0x000000072fe00000, 0x000000072fe00000, 0x0000000730000000|  0%| F|  |TAMS 0x000000072fe00000, 0x000000072fe00000| Untracked 
| 384|0x0000000730000000, 0x0000000730000000, 0x0000000730200000|  0%| F|  |TAMS 0x0000000730000000, 0x0000000730000000| Untracked 
| 385|0x0000000730200000, 0x0000000730200000, 0x0000000730400000|  0%| F|  |TAMS 0x0000000730200000, 0x0000000730200000| Untracked 
| 386|0x0000000730400000, 0x0000000730400000, 0x0000000730600000|  0%| F|  |TAMS 0x0000000730400000, 0x0000000730400000| Untracked 
| 387|0x0000000730600000, 0x0000000730600000, 0x0000000730800000|  0%| F|  |TAMS 0x0000000730600000, 0x0000000730600000| Untracked 
| 388|0x0000000730800000, 0x0000000730800000, 0x0000000730a00000|  0%| F|  |TAMS 0x0000000730800000, 0x0000000730800000| Untracked 
| 389|0x0000000730a00000, 0x0000000730a00000, 0x0000000730c00000|  0%| F|  |TAMS 0x0000000730a00000, 0x0000000730a00000| Untracked 
| 390|0x0000000730c00000, 0x0000000730c00000, 0x0000000730e00000|  0%| F|  |TAMS 0x0000000730c00000, 0x0000000730c00000| Untracked 
| 391|0x0000000730e00000, 0x0000000730e00000, 0x0000000731000000|  0%| F|  |TAMS 0x0000000730e00000, 0x0000000730e00000| Untracked 
| 392|0x0000000731000000, 0x0000000731000000, 0x0000000731200000|  0%| F|  |TAMS 0x0000000731000000, 0x0000000731000000| Untracked 
| 393|0x0000000731200000, 0x0000000731200000, 0x0000000731400000|  0%| F|  |TAMS 0x0000000731200000, 0x0000000731200000| Untracked 
| 394|0x0000000731400000, 0x0000000731400000, 0x0000000731600000|  0%| F|  |TAMS 0x0000000731400000, 0x0000000731400000| Untracked 
| 395|0x0000000731600000, 0x0000000731600000, 0x0000000731800000|  0%| F|  |TAMS 0x0000000731600000, 0x0000000731600000| Untracked 
| 396|0x0000000731800000, 0x0000000731800000, 0x0000000731a00000|  0%| F|  |TAMS 0x0000000731800000, 0x0000000731800000| Untracked 
| 397|0x0000000731a00000, 0x0000000731a00000, 0x0000000731c00000|  0%| F|  |TAMS 0x0000000731a00000, 0x0000000731a00000| Untracked 
| 398|0x0000000731c00000, 0x0000000731c00000, 0x0000000731e00000|  0%| F|  |TAMS 0x0000000731c00000, 0x0000000731c00000| Untracked 
| 399|0x0000000731e00000, 0x0000000731e00000, 0x0000000732000000|  0%| F|  |TAMS 0x0000000731e00000, 0x0000000731e00000| Untracked 
| 400|0x0000000732000000, 0x0000000732000000, 0x0000000732200000|  0%| F|  |TAMS 0x0000000732000000, 0x0000000732000000| Untracked 
| 401|0x0000000732200000, 0x0000000732200000, 0x0000000732400000|  0%| F|  |TAMS 0x0000000732200000, 0x0000000732200000| Untracked 
| 402|0x0000000732400000, 0x0000000732400000, 0x0000000732600000|  0%| F|  |TAMS 0x0000000732400000, 0x0000000732400000| Untracked 
| 403|0x0000000732600000, 0x0000000732600000, 0x0000000732800000|  0%| F|  |TAMS 0x0000000732600000, 0x0000000732600000| Untracked 
| 404|0x0000000732800000, 0x0000000732800000, 0x0000000732a00000|  0%| F|  |TAMS 0x0000000732800000, 0x0000000732800000| Untracked 
| 405|0x0000000732a00000, 0x0000000732a00000, 0x0000000732c00000|  0%| F|  |TAMS 0x0000000732a00000, 0x0000000732a00000| Untracked 
| 406|0x0000000732c00000, 0x0000000732c00000, 0x0000000732e00000|  0%| F|  |TAMS 0x0000000732c00000, 0x0000000732c00000| Untracked 
| 407|0x0000000732e00000, 0x0000000732e00000, 0x0000000733000000|  0%| F|  |TAMS 0x0000000732e00000, 0x0000000732e00000| Untracked 
| 408|0x0000000733000000, 0x0000000733000000, 0x0000000733200000|  0%| F|  |TAMS 0x0000000733000000, 0x0000000733000000| Untracked 
| 409|0x0000000733200000, 0x0000000733200000, 0x0000000733400000|  0%| F|  |TAMS 0x0000000733200000, 0x0000000733200000| Untracked 
| 410|0x0000000733400000, 0x0000000733400000, 0x0000000733600000|  0%| F|  |TAMS 0x0000000733400000, 0x0000000733400000| Untracked 
| 411|0x0000000733600000, 0x0000000733600000, 0x0000000733800000|  0%| F|  |TAMS 0x0000000733600000, 0x0000000733600000| Untracked 
| 412|0x0000000733800000, 0x0000000733800000, 0x0000000733a00000|  0%| F|  |TAMS 0x0000000733800000, 0x0000000733800000| Untracked 
| 413|0x0000000733a00000, 0x0000000733a00000, 0x0000000733c00000|  0%| F|  |TAMS 0x0000000733a00000, 0x0000000733a00000| Untracked 
| 414|0x0000000733c00000, 0x0000000733c00000, 0x0000000733e00000|  0%| F|  |TAMS 0x0000000733c00000, 0x0000000733c00000| Untracked 
| 415|0x0000000733e00000, 0x0000000733e00000, 0x0000000734000000|  0%| F|  |TAMS 0x0000000733e00000, 0x0000000733e00000| Untracked 
| 416|0x0000000734000000, 0x0000000734000000, 0x0000000734200000|  0%| F|  |TAMS 0x0000000734000000, 0x0000000734000000| Untracked 
| 417|0x0000000734200000, 0x0000000734200000, 0x0000000734400000|  0%| F|  |TAMS 0x0000000734200000, 0x0000000734200000| Untracked 
| 418|0x0000000734400000, 0x0000000734400000, 0x0000000734600000|  0%| F|  |TAMS 0x0000000734400000, 0x0000000734400000| Untracked 
| 419|0x0000000734600000, 0x0000000734600000, 0x0000000734800000|  0%| F|  |TAMS 0x0000000734600000, 0x0000000734600000| Untracked 
| 420|0x0000000734800000, 0x0000000734800000, 0x0000000734a00000|  0%| F|  |TAMS 0x0000000734800000, 0x0000000734800000| Untracked 
| 421|0x0000000734a00000, 0x0000000734a00000, 0x0000000734c00000|  0%| F|  |TAMS 0x0000000734a00000, 0x0000000734a00000| Untracked 
| 422|0x0000000734c00000, 0x0000000734c00000, 0x0000000734e00000|  0%| F|  |TAMS 0x0000000734c00000, 0x0000000734c00000| Untracked 
| 423|0x0000000734e00000, 0x0000000734e00000, 0x0000000735000000|  0%| F|  |TAMS 0x0000000734e00000, 0x0000000734e00000| Untracked 
| 424|0x0000000735000000, 0x0000000735000000, 0x0000000735200000|  0%| F|  |TAMS 0x0000000735000000, 0x0000000735000000| Untracked 
| 425|0x0000000735200000, 0x0000000735200000, 0x0000000735400000|  0%| F|  |TAMS 0x0000000735200000, 0x0000000735200000| Untracked 
| 426|0x0000000735400000, 0x0000000735400000, 0x0000000735600000|  0%| F|  |TAMS 0x0000000735400000, 0x0000000735400000| Untracked 
| 427|0x0000000735600000, 0x0000000735600000, 0x0000000735800000|  0%| F|  |TAMS 0x0000000735600000, 0x0000000735600000| Untracked 
| 428|0x0000000735800000, 0x0000000735800000, 0x0000000735a00000|  0%| F|  |TAMS 0x0000000735800000, 0x0000000735800000| Untracked 
| 429|0x0000000735a00000, 0x0000000735a00000, 0x0000000735c00000|  0%| F|  |TAMS 0x0000000735a00000, 0x0000000735a00000| Untracked 
| 430|0x0000000735c00000, 0x0000000735c00000, 0x0000000735e00000|  0%| F|  |TAMS 0x0000000735c00000, 0x0000000735c00000| Untracked 
| 431|0x0000000735e00000, 0x0000000735e00000, 0x0000000736000000|  0%| F|  |TAMS 0x0000000735e00000, 0x0000000735e00000| Untracked 
| 432|0x0000000736000000, 0x0000000736000000, 0x0000000736200000|  0%| F|  |TAMS 0x0000000736000000, 0x0000000736000000| Untracked 
| 433|0x0000000736200000, 0x0000000736200000, 0x0000000736400000|  0%| F|  |TAMS 0x0000000736200000, 0x0000000736200000| Untracked 
| 434|0x0000000736400000, 0x0000000736400000, 0x0000000736600000|  0%| F|  |TAMS 0x0000000736400000, 0x0000000736400000| Untracked 
| 435|0x0000000736600000, 0x0000000736600000, 0x0000000736800000|  0%| F|  |TAMS 0x0000000736600000, 0x0000000736600000| Untracked 
| 436|0x0000000736800000, 0x0000000736800000, 0x0000000736a00000|  0%| F|  |TAMS 0x0000000736800000, 0x0000000736800000| Untracked 
| 437|0x0000000736a00000, 0x0000000736a00000, 0x0000000736c00000|  0%| F|  |TAMS 0x0000000736a00000, 0x0000000736a00000| Untracked 
| 438|0x0000000736c00000, 0x0000000736c00000, 0x0000000736e00000|  0%| F|  |TAMS 0x0000000736c00000, 0x0000000736c00000| Untracked 
| 439|0x0000000736e00000, 0x0000000736e00000, 0x0000000737000000|  0%| F|  |TAMS 0x0000000736e00000, 0x0000000736e00000| Untracked 
| 440|0x0000000737000000, 0x0000000737000000, 0x0000000737200000|  0%| F|  |TAMS 0x0000000737000000, 0x0000000737000000| Untracked 
| 441|0x0000000737200000, 0x0000000737200000, 0x0000000737400000|  0%| F|  |TAMS 0x0000000737200000, 0x0000000737200000| Untracked 
| 442|0x0000000737400000, 0x0000000737400000, 0x0000000737600000|  0%| F|  |TAMS 0x0000000737400000, 0x0000000737400000| Untracked 
| 443|0x0000000737600000, 0x0000000737600000, 0x0000000737800000|  0%| F|  |TAMS 0x0000000737600000, 0x0000000737600000| Untracked 
| 444|0x0000000737800000, 0x0000000737800000, 0x0000000737a00000|  0%| F|  |TAMS 0x0000000737800000, 0x0000000737800000| Untracked 
| 445|0x0000000737a00000, 0x0000000737a00000, 0x0000000737c00000|  0%| F|  |TAMS 0x0000000737a00000, 0x0000000737a00000| Untracked 
| 446|0x0000000737c00000, 0x0000000737c00000, 0x0000000737e00000|  0%| F|  |TAMS 0x0000000737c00000, 0x0000000737c00000| Untracked 
| 447|0x0000000737e00000, 0x0000000737e00000, 0x0000000738000000|  0%| F|  |TAMS 0x0000000737e00000, 0x0000000737e00000| Untracked 
| 448|0x0000000738000000, 0x0000000738000000, 0x0000000738200000|  0%| F|  |TAMS 0x0000000738000000, 0x0000000738000000| Untracked 
| 449|0x0000000738200000, 0x0000000738200000, 0x0000000738400000|  0%| F|  |TAMS 0x0000000738200000, 0x0000000738200000| Untracked 
| 450|0x0000000738400000, 0x0000000738400000, 0x0000000738600000|  0%| F|  |TAMS 0x0000000738400000, 0x0000000738400000| Untracked 
| 451|0x0000000738600000, 0x0000000738600000, 0x0000000738800000|  0%| F|  |TAMS 0x0000000738600000, 0x0000000738600000| Untracked 
| 452|0x0000000738800000, 0x0000000738800000, 0x0000000738a00000|  0%| F|  |TAMS 0x0000000738800000, 0x0000000738800000| Untracked 
| 453|0x0000000738a00000, 0x0000000738a00000, 0x0000000738c00000|  0%| F|  |TAMS 0x0000000738a00000, 0x0000000738a00000| Untracked 
| 454|0x0000000738c00000, 0x0000000738c00000, 0x0000000738e00000|  0%| F|  |TAMS 0x0000000738c00000, 0x0000000738c00000| Untracked 
| 455|0x0000000738e00000, 0x0000000738e00000, 0x0000000739000000|  0%| F|  |TAMS 0x0000000738e00000, 0x0000000738e00000| Untracked 
| 456|0x0000000739000000, 0x0000000739000000, 0x0000000739200000|  0%| F|  |TAMS 0x0000000739000000, 0x0000000739000000| Untracked 
| 457|0x0000000739200000, 0x0000000739200000, 0x0000000739400000|  0%| F|  |TAMS 0x0000000739200000, 0x0000000739200000| Untracked 
| 458|0x0000000739400000, 0x0000000739400000, 0x0000000739600000|  0%| F|  |TAMS 0x0000000739400000, 0x0000000739400000| Untracked 
| 459|0x0000000739600000, 0x0000000739600000, 0x0000000739800000|  0%| F|  |TAMS 0x0000000739600000, 0x0000000739600000| Untracked 
| 460|0x0000000739800000, 0x0000000739800000, 0x0000000739a00000|  0%| F|  |TAMS 0x0000000739800000, 0x0000000739800000| Untracked 
| 461|0x0000000739a00000, 0x0000000739a00000, 0x0000000739c00000|  0%| F|  |TAMS 0x0000000739a00000, 0x0000000739a00000| Untracked 
| 462|0x0000000739c00000, 0x0000000739c00000, 0x0000000739e00000|  0%| F|  |TAMS 0x0000000739c00000, 0x0000000739c00000| Untracked 
| 463|0x0000000739e00000, 0x0000000739e00000, 0x000000073a000000|  0%| F|  |TAMS 0x0000000739e00000, 0x0000000739e00000| Untracked 
| 464|0x000000073a000000, 0x000000073a000000, 0x000000073a200000|  0%| F|  |TAMS 0x000000073a000000, 0x000000073a000000| Untracked 
| 465|0x000000073a200000, 0x000000073a200000, 0x000000073a400000|  0%| F|  |TAMS 0x000000073a200000, 0x000000073a200000| Untracked 
| 466|0x000000073a400000, 0x000000073a400000, 0x000000073a600000|  0%| F|  |TAMS 0x000000073a400000, 0x000000073a400000| Untracked 
| 467|0x000000073a600000, 0x000000073a600000, 0x000000073a800000|  0%| F|  |TAMS 0x000000073a600000, 0x000000073a600000| Untracked 
| 468|0x000000073a800000, 0x000000073a800000, 0x000000073aa00000|  0%| F|  |TAMS 0x000000073a800000, 0x000000073a800000| Untracked 
| 469|0x000000073aa00000, 0x000000073aa00000, 0x000000073ac00000|  0%| F|  |TAMS 0x000000073aa00000, 0x000000073aa00000| Untracked 
| 470|0x000000073ac00000, 0x000000073ac00000, 0x000000073ae00000|  0%| F|  |TAMS 0x000000073ac00000, 0x000000073ac00000| Untracked 
| 471|0x000000073ae00000, 0x000000073ae00000, 0x000000073b000000|  0%| F|  |TAMS 0x000000073ae00000, 0x000000073ae00000| Untracked 
| 472|0x000000073b000000, 0x000000073b000000, 0x000000073b200000|  0%| F|  |TAMS 0x000000073b000000, 0x000000073b000000| Untracked 
| 473|0x000000073b200000, 0x000000073b200000, 0x000000073b400000|  0%| F|  |TAMS 0x000000073b200000, 0x000000073b200000| Untracked 
| 474|0x000000073b400000, 0x000000073b400000, 0x000000073b600000|  0%| F|  |TAMS 0x000000073b400000, 0x000000073b400000| Untracked 
| 475|0x000000073b600000, 0x000000073b600000, 0x000000073b800000|  0%| F|  |TAMS 0x000000073b600000, 0x000000073b600000| Untracked 
| 476|0x000000073b800000, 0x000000073b800000, 0x000000073ba00000|  0%| F|  |TAMS 0x000000073b800000, 0x000000073b800000| Untracked 
| 477|0x000000073ba00000, 0x000000073ba00000, 0x000000073bc00000|  0%| F|  |TAMS 0x000000073ba00000, 0x000000073ba00000| Untracked 
| 478|0x000000073bc00000, 0x000000073bc00000, 0x000000073be00000|  0%| F|  |TAMS 0x000000073bc00000, 0x000000073bc00000| Untracked 
| 479|0x000000073be00000, 0x000000073be00000, 0x000000073c000000|  0%| F|  |TAMS 0x000000073be00000, 0x000000073be00000| Untracked 
| 480|0x000000073c000000, 0x000000073c000000, 0x000000073c200000|  0%| F|  |TAMS 0x000000073c000000, 0x000000073c000000| Untracked 
| 481|0x000000073c200000, 0x000000073c200000, 0x000000073c400000|  0%| F|  |TAMS 0x000000073c200000, 0x000000073c200000| Untracked 
| 482|0x000000073c400000, 0x000000073c400000, 0x000000073c600000|  0%| F|  |TAMS 0x000000073c400000, 0x000000073c400000| Untracked 
| 483|0x000000073c600000, 0x000000073c600000, 0x000000073c800000|  0%| F|  |TAMS 0x000000073c600000, 0x000000073c600000| Untracked 
| 484|0x000000073c800000, 0x000000073c800000, 0x000000073ca00000|  0%| F|  |TAMS 0x000000073c800000, 0x000000073c800000| Untracked 
| 485|0x000000073ca00000, 0x000000073ca00000, 0x000000073cc00000|  0%| F|  |TAMS 0x000000073ca00000, 0x000000073ca00000| Untracked 
| 486|0x000000073cc00000, 0x000000073cc00000, 0x000000073ce00000|  0%| F|  |TAMS 0x000000073cc00000, 0x000000073cc00000| Untracked 
| 487|0x000000073ce00000, 0x000000073ce00000, 0x000000073d000000|  0%| F|  |TAMS 0x000000073ce00000, 0x000000073ce00000| Untracked 
| 488|0x000000073d000000, 0x000000073d000000, 0x000000073d200000|  0%| F|  |TAMS 0x000000073d000000, 0x000000073d000000| Untracked 
| 489|0x000000073d200000, 0x000000073d200000, 0x000000073d400000|  0%| F|  |TAMS 0x000000073d200000, 0x000000073d200000| Untracked 
| 490|0x000000073d400000, 0x000000073d400000, 0x000000073d600000|  0%| F|  |TAMS 0x000000073d400000, 0x000000073d400000| Untracked 
| 491|0x000000073d600000, 0x000000073d600000, 0x000000073d800000|  0%| F|  |TAMS 0x000000073d600000, 0x000000073d600000| Untracked 
| 492|0x000000073d800000, 0x000000073d800000, 0x000000073da00000|  0%| F|  |TAMS 0x000000073d800000, 0x000000073d800000| Untracked 
| 493|0x000000073da00000, 0x000000073da00000, 0x000000073dc00000|  0%| F|  |TAMS 0x000000073da00000, 0x000000073da00000| Untracked 
| 494|0x000000073dc00000, 0x000000073dc00000, 0x000000073de00000|  0%| F|  |TAMS 0x000000073dc00000, 0x000000073dc00000| Untracked 
| 495|0x000000073de00000, 0x000000073de00000, 0x000000073e000000|  0%| F|  |TAMS 0x000000073de00000, 0x000000073de00000| Untracked 
| 496|0x000000073e000000, 0x000000073e000000, 0x000000073e200000|  0%| F|  |TAMS 0x000000073e000000, 0x000000073e000000| Untracked 
| 497|0x000000073e200000, 0x000000073e200000, 0x000000073e400000|  0%| F|  |TAMS 0x000000073e200000, 0x000000073e200000| Untracked 
| 498|0x000000073e400000, 0x000000073e400000, 0x000000073e600000|  0%| F|  |TAMS 0x000000073e400000, 0x000000073e400000| Untracked 
| 499|0x000000073e600000, 0x000000073e600000, 0x000000073e800000|  0%| F|  |TAMS 0x000000073e600000, 0x000000073e600000| Untracked 
| 500|0x000000073e800000, 0x000000073e800000, 0x000000073ea00000|  0%| F|  |TAMS 0x000000073e800000, 0x000000073e800000| Untracked 
| 501|0x000000073ea00000, 0x000000073ea00000, 0x000000073ec00000|  0%| F|  |TAMS 0x000000073ea00000, 0x000000073ea00000| Untracked 
| 502|0x000000073ec00000, 0x000000073ec00000, 0x000000073ee00000|  0%| F|  |TAMS 0x000000073ec00000, 0x000000073ec00000| Untracked 
| 503|0x000000073ee00000, 0x000000073ee00000, 0x000000073f000000|  0%| F|  |TAMS 0x000000073ee00000, 0x000000073ee00000| Untracked 
| 504|0x000000073f000000, 0x000000073f000000, 0x000000073f200000|  0%| F|  |TAMS 0x000000073f000000, 0x000000073f000000| Untracked 
| 505|0x000000073f200000, 0x000000073f200000, 0x000000073f400000|  0%| F|  |TAMS 0x000000073f200000, 0x000000073f200000| Untracked 
| 506|0x000000073f400000, 0x000000073f400000, 0x000000073f600000|  0%| F|  |TAMS 0x000000073f400000, 0x000000073f400000| Untracked 
| 507|0x000000073f600000, 0x000000073f600000, 0x000000073f800000|  0%| F|  |TAMS 0x000000073f600000, 0x000000073f600000| Untracked 
| 508|0x000000073f800000, 0x000000073f800000, 0x000000073fa00000|  0%| F|  |TAMS 0x000000073f800000, 0x000000073f800000| Untracked 
| 509|0x000000073fa00000, 0x000000073fb11260, 0x000000073fc00000| 53%| S|CS|TAMS 0x000000073fa00000, 0x000000073fa00000| Complete 
| 510|0x000000073fc00000, 0x000000073fe00000, 0x000000073fe00000|100%| S|CS|TAMS 0x000000073fc00000, 0x000000073fc00000| Complete 
| 511|0x000000073fe00000, 0x0000000740000000, 0x0000000740000000|100%| S|CS|TAMS 0x000000073fe00000, 0x000000073fe00000| Complete 
| 512|0x0000000740000000, 0x0000000740200000, 0x0000000740200000|100%| S|CS|TAMS 0x0000000740000000, 0x0000000740000000| Complete 
| 513|0x0000000740200000, 0x0000000740400000, 0x0000000740400000|100%| S|CS|TAMS 0x0000000740200000, 0x0000000740200000| Complete 
| 514|0x0000000740400000, 0x0000000740600000, 0x0000000740600000|100%| S|CS|TAMS 0x0000000740400000, 0x0000000740400000| Complete 
| 515|0x0000000740600000, 0x0000000740800000, 0x0000000740800000|100%| S|CS|TAMS 0x0000000740600000, 0x0000000740600000| Complete 
| 516|0x0000000740800000, 0x0000000740a00000, 0x0000000740a00000|100%| S|CS|TAMS 0x0000000740800000, 0x0000000740800000| Complete 
| 517|0x0000000740a00000, 0x0000000740c00000, 0x0000000740c00000|100%| S|CS|TAMS 0x0000000740a00000, 0x0000000740a00000| Complete 
| 518|0x0000000740c00000, 0x0000000740e00000, 0x0000000740e00000|100%| S|CS|TAMS 0x0000000740c00000, 0x0000000740c00000| Complete 
| 519|0x0000000740e00000, 0x0000000740e00000, 0x0000000741000000|  0%| F|  |TAMS 0x0000000740e00000, 0x0000000740e00000| Untracked 
| 520|0x0000000741000000, 0x0000000741000000, 0x0000000741200000|  0%| F|  |TAMS 0x0000000741000000, 0x0000000741000000| Untracked 
| 521|0x0000000741200000, 0x0000000741200000, 0x0000000741400000|  0%| F|  |TAMS 0x0000000741200000, 0x0000000741200000| Untracked 
| 522|0x0000000741400000, 0x0000000741400000, 0x0000000741600000|  0%| F|  |TAMS 0x0000000741400000, 0x0000000741400000| Untracked 
| 523|0x0000000741600000, 0x0000000741600000, 0x0000000741800000|  0%| F|  |TAMS 0x0000000741600000, 0x0000000741600000| Untracked 
| 524|0x0000000741800000, 0x0000000741800000, 0x0000000741a00000|  0%| F|  |TAMS 0x0000000741800000, 0x0000000741800000| Untracked 
| 525|0x0000000741a00000, 0x0000000741a00000, 0x0000000741c00000|  0%| F|  |TAMS 0x0000000741a00000, 0x0000000741a00000| Untracked 
| 526|0x0000000741c00000, 0x0000000741c00000, 0x0000000741e00000|  0%| F|  |TAMS 0x0000000741c00000, 0x0000000741c00000| Untracked 
| 527|0x0000000741e00000, 0x0000000741e00000, 0x0000000742000000|  0%| F|  |TAMS 0x0000000741e00000, 0x0000000741e00000| Untracked 
| 528|0x0000000742000000, 0x0000000742000000, 0x0000000742200000|  0%| F|  |TAMS 0x0000000742000000, 0x0000000742000000| Untracked 
| 529|0x0000000742200000, 0x0000000742200000, 0x0000000742400000|  0%| F|  |TAMS 0x0000000742200000, 0x0000000742200000| Untracked 
| 530|0x0000000742400000, 0x0000000742400000, 0x0000000742600000|  0%| F|  |TAMS 0x0000000742400000, 0x0000000742400000| Untracked 
| 531|0x0000000742600000, 0x0000000742600000, 0x0000000742800000|  0%| F|  |TAMS 0x0000000742600000, 0x0000000742600000| Untracked 
| 532|0x0000000742800000, 0x0000000742800000, 0x0000000742a00000|  0%| F|  |TAMS 0x0000000742800000, 0x0000000742800000| Untracked 
| 533|0x0000000742a00000, 0x0000000742a00000, 0x0000000742c00000|  0%| F|  |TAMS 0x0000000742a00000, 0x0000000742a00000| Untracked 
| 534|0x0000000742c00000, 0x0000000742c00000, 0x0000000742e00000|  0%| F|  |TAMS 0x0000000742c00000, 0x0000000742c00000| Untracked 
| 535|0x0000000742e00000, 0x0000000742e00000, 0x0000000743000000|  0%| F|  |TAMS 0x0000000742e00000, 0x0000000742e00000| Untracked 
| 536|0x0000000743000000, 0x0000000743000000, 0x0000000743200000|  0%| F|  |TAMS 0x0000000743000000, 0x0000000743000000| Untracked 
| 537|0x0000000743200000, 0x0000000743200000, 0x0000000743400000|  0%| F|  |TAMS 0x0000000743200000, 0x0000000743200000| Untracked 
| 538|0x0000000743400000, 0x0000000743400000, 0x0000000743600000|  0%| F|  |TAMS 0x0000000743400000, 0x0000000743400000| Untracked 
| 539|0x0000000743600000, 0x0000000743600000, 0x0000000743800000|  0%| F|  |TAMS 0x0000000743600000, 0x0000000743600000| Untracked 
| 540|0x0000000743800000, 0x0000000743800000, 0x0000000743a00000|  0%| F|  |TAMS 0x0000000743800000, 0x0000000743800000| Untracked 
| 541|0x0000000743a00000, 0x0000000743a00000, 0x0000000743c00000|  0%| F|  |TAMS 0x0000000743a00000, 0x0000000743a00000| Untracked 
| 542|0x0000000743c00000, 0x0000000743c00000, 0x0000000743e00000|  0%| F|  |TAMS 0x0000000743c00000, 0x0000000743c00000| Untracked 
| 543|0x0000000743e00000, 0x0000000743e00000, 0x0000000744000000|  0%| F|  |TAMS 0x0000000743e00000, 0x0000000743e00000| Untracked 
| 544|0x0000000744000000, 0x0000000744000000, 0x0000000744200000|  0%| F|  |TAMS 0x0000000744000000, 0x0000000744000000| Untracked 
| 545|0x0000000744200000, 0x0000000744200000, 0x0000000744400000|  0%| F|  |TAMS 0x0000000744200000, 0x0000000744200000| Untracked 
| 546|0x0000000744400000, 0x0000000744400000, 0x0000000744600000|  0%| F|  |TAMS 0x0000000744400000, 0x0000000744400000| Untracked 
| 547|0x0000000744600000, 0x0000000744600000, 0x0000000744800000|  0%| F|  |TAMS 0x0000000744600000, 0x0000000744600000| Untracked 
| 548|0x0000000744800000, 0x0000000744800000, 0x0000000744a00000|  0%| F|  |TAMS 0x0000000744800000, 0x0000000744800000| Untracked 
| 549|0x0000000744a00000, 0x0000000744a00000, 0x0000000744c00000|  0%| F|  |TAMS 0x0000000744a00000, 0x0000000744a00000| Untracked 
| 550|0x0000000744c00000, 0x0000000744c00000, 0x0000000744e00000|  0%| F|  |TAMS 0x0000000744c00000, 0x0000000744c00000| Untracked 
| 551|0x0000000744e00000, 0x0000000744e00000, 0x0000000745000000|  0%| F|  |TAMS 0x0000000744e00000, 0x0000000744e00000| Untracked 
| 552|0x0000000745000000, 0x0000000745000000, 0x0000000745200000|  0%| F|  |TAMS 0x0000000745000000, 0x0000000745000000| Untracked 
| 553|0x0000000745200000, 0x0000000745200000, 0x0000000745400000|  0%| F|  |TAMS 0x0000000745200000, 0x0000000745200000| Untracked 
| 554|0x0000000745400000, 0x0000000745400000, 0x0000000745600000|  0%| F|  |TAMS 0x0000000745400000, 0x0000000745400000| Untracked 
| 555|0x0000000745600000, 0x0000000745600000, 0x0000000745800000|  0%| F|  |TAMS 0x0000000745600000, 0x0000000745600000| Untracked 
| 556|0x0000000745800000, 0x0000000745800000, 0x0000000745a00000|  0%| F|  |TAMS 0x0000000745800000, 0x0000000745800000| Untracked 
| 557|0x0000000745a00000, 0x0000000745a00000, 0x0000000745c00000|  0%| F|  |TAMS 0x0000000745a00000, 0x0000000745a00000| Untracked 
| 558|0x0000000745c00000, 0x0000000745c00000, 0x0000000745e00000|  0%| F|  |TAMS 0x0000000745c00000, 0x0000000745c00000| Untracked 
| 559|0x0000000745e00000, 0x0000000745e00000, 0x0000000746000000|  0%| F|  |TAMS 0x0000000745e00000, 0x0000000745e00000| Untracked 
| 560|0x0000000746000000, 0x0000000746000000, 0x0000000746200000|  0%| F|  |TAMS 0x0000000746000000, 0x0000000746000000| Untracked 
| 561|0x0000000746200000, 0x0000000746200000, 0x0000000746400000|  0%| F|  |TAMS 0x0000000746200000, 0x0000000746200000| Untracked 
| 562|0x0000000746400000, 0x0000000746400000, 0x0000000746600000|  0%| F|  |TAMS 0x0000000746400000, 0x0000000746400000| Untracked 
| 563|0x0000000746600000, 0x0000000746600000, 0x0000000746800000|  0%| F|  |TAMS 0x0000000746600000, 0x0000000746600000| Untracked 
| 564|0x0000000746800000, 0x0000000746800000, 0x0000000746a00000|  0%| F|  |TAMS 0x0000000746800000, 0x0000000746800000| Untracked 
| 565|0x0000000746a00000, 0x0000000746a00000, 0x0000000746c00000|  0%| F|  |TAMS 0x0000000746a00000, 0x0000000746a00000| Untracked 
| 566|0x0000000746c00000, 0x0000000746c00000, 0x0000000746e00000|  0%| F|  |TAMS 0x0000000746c00000, 0x0000000746c00000| Untracked 
| 567|0x0000000746e00000, 0x0000000746e00000, 0x0000000747000000|  0%| F|  |TAMS 0x0000000746e00000, 0x0000000746e00000| Untracked 
| 568|0x0000000747000000, 0x0000000747000000, 0x0000000747200000|  0%| F|  |TAMS 0x0000000747000000, 0x0000000747000000| Untracked 
| 569|0x0000000747200000, 0x0000000747200000, 0x0000000747400000|  0%| F|  |TAMS 0x0000000747200000, 0x0000000747200000| Untracked 
| 570|0x0000000747400000, 0x0000000747400000, 0x0000000747600000|  0%| F|  |TAMS 0x0000000747400000, 0x0000000747400000| Untracked 
| 571|0x0000000747600000, 0x0000000747600000, 0x0000000747800000|  0%| F|  |TAMS 0x0000000747600000, 0x0000000747600000| Untracked 
| 572|0x0000000747800000, 0x0000000747800000, 0x0000000747a00000|  0%| F|  |TAMS 0x0000000747800000, 0x0000000747800000| Untracked 
| 573|0x0000000747a00000, 0x0000000747a00000, 0x0000000747c00000|  0%| F|  |TAMS 0x0000000747a00000, 0x0000000747a00000| Untracked 
| 574|0x0000000747c00000, 0x0000000747c00000, 0x0000000747e00000|  0%| F|  |TAMS 0x0000000747c00000, 0x0000000747c00000| Untracked 
| 575|0x0000000747e00000, 0x0000000747e00000, 0x0000000748000000|  0%| F|  |TAMS 0x0000000747e00000, 0x0000000747e00000| Untracked 
| 576|0x0000000748000000, 0x0000000748000000, 0x0000000748200000|  0%| F|  |TAMS 0x0000000748000000, 0x0000000748000000| Untracked 
| 577|0x0000000748200000, 0x0000000748200000, 0x0000000748400000|  0%| F|  |TAMS 0x0000000748200000, 0x0000000748200000| Untracked 
| 578|0x0000000748400000, 0x0000000748400000, 0x0000000748600000|  0%| F|  |TAMS 0x0000000748400000, 0x0000000748400000| Untracked 
| 579|0x0000000748600000, 0x0000000748600000, 0x0000000748800000|  0%| F|  |TAMS 0x0000000748600000, 0x0000000748600000| Untracked 
| 580|0x0000000748800000, 0x0000000748800000, 0x0000000748a00000|  0%| F|  |TAMS 0x0000000748800000, 0x0000000748800000| Untracked 
| 581|0x0000000748a00000, 0x0000000748a00000, 0x0000000748c00000|  0%| F|  |TAMS 0x0000000748a00000, 0x0000000748a00000| Untracked 
| 582|0x0000000748c00000, 0x0000000748c00000, 0x0000000748e00000|  0%| F|  |TAMS 0x0000000748c00000, 0x0000000748c00000| Untracked 
| 583|0x0000000748e00000, 0x0000000748e00000, 0x0000000749000000|  0%| F|  |TAMS 0x0000000748e00000, 0x0000000748e00000| Untracked 
| 584|0x0000000749000000, 0x0000000749000000, 0x0000000749200000|  0%| F|  |TAMS 0x0000000749000000, 0x0000000749000000| Untracked 
| 585|0x0000000749200000, 0x0000000749200000, 0x0000000749400000|  0%| F|  |TAMS 0x0000000749200000, 0x0000000749200000| Untracked 
| 586|0x0000000749400000, 0x0000000749400000, 0x0000000749600000|  0%| F|  |TAMS 0x0000000749400000, 0x0000000749400000| Untracked 
| 587|0x0000000749600000, 0x0000000749600000, 0x0000000749800000|  0%| F|  |TAMS 0x0000000749600000, 0x0000000749600000| Untracked 
| 588|0x0000000749800000, 0x0000000749800000, 0x0000000749a00000|  0%| F|  |TAMS 0x0000000749800000, 0x0000000749800000| Untracked 
| 589|0x0000000749a00000, 0x0000000749a00000, 0x0000000749c00000|  0%| F|  |TAMS 0x0000000749a00000, 0x0000000749a00000| Untracked 
| 590|0x0000000749c00000, 0x0000000749c00000, 0x0000000749e00000|  0%| F|  |TAMS 0x0000000749c00000, 0x0000000749c00000| Untracked 
| 591|0x0000000749e00000, 0x0000000749e00000, 0x000000074a000000|  0%| F|  |TAMS 0x0000000749e00000, 0x0000000749e00000| Untracked 
| 592|0x000000074a000000, 0x000000074a000000, 0x000000074a200000|  0%| F|  |TAMS 0x000000074a000000, 0x000000074a000000| Untracked 
| 593|0x000000074a200000, 0x000000074a200000, 0x000000074a400000|  0%| F|  |TAMS 0x000000074a200000, 0x000000074a200000| Untracked 
| 594|0x000000074a400000, 0x000000074a400000, 0x000000074a600000|  0%| F|  |TAMS 0x000000074a400000, 0x000000074a400000| Untracked 
| 595|0x000000074a600000, 0x000000074a600000, 0x000000074a800000|  0%| F|  |TAMS 0x000000074a600000, 0x000000074a600000| Untracked 
| 596|0x000000074a800000, 0x000000074a800000, 0x000000074aa00000|  0%| F|  |TAMS 0x000000074a800000, 0x000000074a800000| Untracked 
| 597|0x000000074aa00000, 0x000000074aa00000, 0x000000074ac00000|  0%| F|  |TAMS 0x000000074aa00000, 0x000000074aa00000| Untracked 
| 598|0x000000074ac00000, 0x000000074ac00000, 0x000000074ae00000|  0%| F|  |TAMS 0x000000074ac00000, 0x000000074ac00000| Untracked 
| 599|0x000000074ae00000, 0x000000074ae00000, 0x000000074b000000|  0%| F|  |TAMS 0x000000074ae00000, 0x000000074ae00000| Untracked 
| 600|0x000000074b000000, 0x000000074b000000, 0x000000074b200000|  0%| F|  |TAMS 0x000000074b000000, 0x000000074b000000| Untracked 
| 601|0x000000074b200000, 0x000000074b200000, 0x000000074b400000|  0%| F|  |TAMS 0x000000074b200000, 0x000000074b200000| Untracked 
| 602|0x000000074b400000, 0x000000074b400000, 0x000000074b600000|  0%| F|  |TAMS 0x000000074b400000, 0x000000074b400000| Untracked 
| 603|0x000000074b600000, 0x000000074b600000, 0x000000074b800000|  0%| F|  |TAMS 0x000000074b600000, 0x000000074b600000| Untracked 
| 604|0x000000074b800000, 0x000000074b800000, 0x000000074ba00000|  0%| F|  |TAMS 0x000000074b800000, 0x000000074b800000| Untracked 
| 605|0x000000074ba00000, 0x000000074ba00000, 0x000000074bc00000|  0%| F|  |TAMS 0x000000074ba00000, 0x000000074ba00000| Untracked 
| 606|0x000000074bc00000, 0x000000074bc00000, 0x000000074be00000|  0%| F|  |TAMS 0x000000074bc00000, 0x000000074bc00000| Untracked 
| 607|0x000000074be00000, 0x000000074be00000, 0x000000074c000000|  0%| F|  |TAMS 0x000000074be00000, 0x000000074be00000| Untracked 
| 608|0x000000074c000000, 0x000000074c000000, 0x000000074c200000|  0%| F|  |TAMS 0x000000074c000000, 0x000000074c000000| Untracked 
| 609|0x000000074c200000, 0x000000074c200000, 0x000000074c400000|  0%| F|  |TAMS 0x000000074c200000, 0x000000074c200000| Untracked 
| 610|0x000000074c400000, 0x000000074c400000, 0x000000074c600000|  0%| F|  |TAMS 0x000000074c400000, 0x000000074c400000| Untracked 
| 611|0x000000074c600000, 0x000000074c600000, 0x000000074c800000|  0%| F|  |TAMS 0x000000074c600000, 0x000000074c600000| Untracked 
| 612|0x000000074c800000, 0x000000074c800000, 0x000000074ca00000|  0%| F|  |TAMS 0x000000074c800000, 0x000000074c800000| Untracked 
| 613|0x000000074ca00000, 0x000000074ca00000, 0x000000074cc00000|  0%| F|  |TAMS 0x000000074ca00000, 0x000000074ca00000| Untracked 
| 614|0x000000074cc00000, 0x000000074cc00000, 0x000000074ce00000|  0%| F|  |TAMS 0x000000074cc00000, 0x000000074cc00000| Untracked 
| 615|0x000000074ce00000, 0x000000074ce00000, 0x000000074d000000|  0%| F|  |TAMS 0x000000074ce00000, 0x000000074ce00000| Untracked 
| 616|0x000000074d000000, 0x000000074d000000, 0x000000074d200000|  0%| F|  |TAMS 0x000000074d000000, 0x000000074d000000| Untracked 
| 617|0x000000074d200000, 0x000000074d200000, 0x000000074d400000|  0%| F|  |TAMS 0x000000074d200000, 0x000000074d200000| Untracked 
| 618|0x000000074d400000, 0x000000074d400000, 0x000000074d600000|  0%| F|  |TAMS 0x000000074d400000, 0x000000074d400000| Untracked 
| 619|0x000000074d600000, 0x000000074d600000, 0x000000074d800000|  0%| F|  |TAMS 0x000000074d600000, 0x000000074d600000| Untracked 
| 620|0x000000074d800000, 0x000000074d800000, 0x000000074da00000|  0%| F|  |TAMS 0x000000074d800000, 0x000000074d800000| Untracked 
| 621|0x000000074da00000, 0x000000074da00000, 0x000000074dc00000|  0%| F|  |TAMS 0x000000074da00000, 0x000000074da00000| Untracked 
| 622|0x000000074dc00000, 0x000000074dc00000, 0x000000074de00000|  0%| F|  |TAMS 0x000000074dc00000, 0x000000074dc00000| Untracked 
| 623|0x000000074de00000, 0x000000074de00000, 0x000000074e000000|  0%| F|  |TAMS 0x000000074de00000, 0x000000074de00000| Untracked 
| 624|0x000000074e000000, 0x000000074e000000, 0x000000074e200000|  0%| F|  |TAMS 0x000000074e000000, 0x000000074e000000| Untracked 
| 625|0x000000074e200000, 0x000000074e200000, 0x000000074e400000|  0%| F|  |TAMS 0x000000074e200000, 0x000000074e200000| Untracked 
| 626|0x000000074e400000, 0x000000074e400000, 0x000000074e600000|  0%| F|  |TAMS 0x000000074e400000, 0x000000074e400000| Untracked 
| 627|0x000000074e600000, 0x000000074e600000, 0x000000074e800000|  0%| F|  |TAMS 0x000000074e600000, 0x000000074e600000| Untracked 
| 628|0x000000074e800000, 0x000000074e800000, 0x000000074ea00000|  0%| F|  |TAMS 0x000000074e800000, 0x000000074e800000| Untracked 
| 629|0x000000074ea00000, 0x000000074ea00000, 0x000000074ec00000|  0%| F|  |TAMS 0x000000074ea00000, 0x000000074ea00000| Untracked 
| 630|0x000000074ec00000, 0x000000074ec00000, 0x000000074ee00000|  0%| F|  |TAMS 0x000000074ec00000, 0x000000074ec00000| Untracked 
| 631|0x000000074ee00000, 0x000000074ee00000, 0x000000074f000000|  0%| F|  |TAMS 0x000000074ee00000, 0x000000074ee00000| Untracked 
| 632|0x000000074f000000, 0x000000074f000000, 0x000000074f200000|  0%| F|  |TAMS 0x000000074f000000, 0x000000074f000000| Untracked 
| 633|0x000000074f200000, 0x000000074f200000, 0x000000074f400000|  0%| F|  |TAMS 0x000000074f200000, 0x000000074f200000| Untracked 
| 634|0x000000074f400000, 0x000000074f400000, 0x000000074f600000|  0%| F|  |TAMS 0x000000074f400000, 0x000000074f400000| Untracked 
| 635|0x000000074f600000, 0x000000074f600000, 0x000000074f800000|  0%| F|  |TAMS 0x000000074f600000, 0x000000074f600000| Untracked 
| 636|0x000000074f800000, 0x000000074f800000, 0x000000074fa00000|  0%| F|  |TAMS 0x000000074f800000, 0x000000074f800000| Untracked 
| 637|0x000000074fa00000, 0x000000074fa00000, 0x000000074fc00000|  0%| F|  |TAMS 0x000000074fa00000, 0x000000074fa00000| Untracked 
| 800|0x0000000764000000, 0x0000000764000000, 0x0000000764200000|  0%| F|  |TAMS 0x0000000764000000, 0x0000000764000000| Untracked 
| 801|0x0000000764200000, 0x0000000764200000, 0x0000000764400000|  0%| F|  |TAMS 0x0000000764200000, 0x0000000764200000| Untracked 
| 802|0x0000000764400000, 0x0000000764400000, 0x0000000764600000|  0%| F|  |TAMS 0x0000000764400000, 0x0000000764400000| Untracked 
| 803|0x0000000764600000, 0x0000000764600000, 0x0000000764800000|  0%| F|  |TAMS 0x0000000764600000, 0x0000000764600000| Untracked 
| 804|0x0000000764800000, 0x0000000764800000, 0x0000000764a00000|  0%| F|  |TAMS 0x0000000764800000, 0x0000000764800000| Untracked 
| 805|0x0000000764a00000, 0x0000000764a00000, 0x0000000764c00000|  0%| F|  |TAMS 0x0000000764a00000, 0x0000000764a00000| Untracked 
| 806|0x0000000764c00000, 0x0000000764c00000, 0x0000000764e00000|  0%| F|  |TAMS 0x0000000764c00000, 0x0000000764c00000| Untracked 
| 807|0x0000000764e00000, 0x0000000764e00000, 0x0000000765000000|  0%| F|  |TAMS 0x0000000764e00000, 0x0000000764e00000| Untracked 
| 808|0x0000000765000000, 0x0000000765000000, 0x0000000765200000|  0%| F|  |TAMS 0x0000000765000000, 0x0000000765000000| Untracked 
| 809|0x0000000765200000, 0x0000000765200000, 0x0000000765400000|  0%| F|  |TAMS 0x0000000765200000, 0x0000000765200000| Untracked 
| 810|0x0000000765400000, 0x0000000765400000, 0x0000000765600000|  0%| F|  |TAMS 0x0000000765400000, 0x0000000765400000| Untracked 
| 811|0x0000000765600000, 0x0000000765600000, 0x0000000765800000|  0%| F|  |TAMS 0x0000000765600000, 0x0000000765600000| Untracked 
| 812|0x0000000765800000, 0x0000000765800000, 0x0000000765a00000|  0%| F|  |TAMS 0x0000000765800000, 0x0000000765800000| Untracked 
| 813|0x0000000765a00000, 0x0000000765a00000, 0x0000000765c00000|  0%| F|  |TAMS 0x0000000765a00000, 0x0000000765a00000| Untracked 
| 814|0x0000000765c00000, 0x0000000765c00000, 0x0000000765e00000|  0%| F|  |TAMS 0x0000000765c00000, 0x0000000765c00000| Untracked 
| 815|0x0000000765e00000, 0x0000000765e00000, 0x0000000766000000|  0%| F|  |TAMS 0x0000000765e00000, 0x0000000765e00000| Untracked 
| 816|0x0000000766000000, 0x0000000766000000, 0x0000000766200000|  0%| F|  |TAMS 0x0000000766000000, 0x0000000766000000| Untracked 
| 817|0x0000000766200000, 0x0000000766200000, 0x0000000766400000|  0%| F|  |TAMS 0x0000000766200000, 0x0000000766200000| Untracked 
| 818|0x0000000766400000, 0x0000000766400000, 0x0000000766600000|  0%| F|  |TAMS 0x0000000766400000, 0x0000000766400000| Untracked 
| 819|0x0000000766600000, 0x0000000766600000, 0x0000000766800000|  0%| F|  |TAMS 0x0000000766600000, 0x0000000766600000| Untracked 
| 820|0x0000000766800000, 0x0000000766800000, 0x0000000766a00000|  0%| F|  |TAMS 0x0000000766800000, 0x0000000766800000| Untracked 
| 821|0x0000000766a00000, 0x0000000766a00000, 0x0000000766c00000|  0%| F|  |TAMS 0x0000000766a00000, 0x0000000766a00000| Untracked 
| 822|0x0000000766c00000, 0x0000000766c00000, 0x0000000766e00000|  0%| F|  |TAMS 0x0000000766c00000, 0x0000000766c00000| Untracked 
| 823|0x0000000766e00000, 0x0000000766e00000, 0x0000000767000000|  0%| F|  |TAMS 0x0000000766e00000, 0x0000000766e00000| Untracked 
| 824|0x0000000767000000, 0x0000000767000000, 0x0000000767200000|  0%| F|  |TAMS 0x0000000767000000, 0x0000000767000000| Untracked 
| 825|0x0000000767200000, 0x0000000767200000, 0x0000000767400000|  0%| F|  |TAMS 0x0000000767200000, 0x0000000767200000| Untracked 
| 826|0x0000000767400000, 0x0000000767400000, 0x0000000767600000|  0%| F|  |TAMS 0x0000000767400000, 0x0000000767400000| Untracked 
| 827|0x0000000767600000, 0x0000000767600000, 0x0000000767800000|  0%| F|  |TAMS 0x0000000767600000, 0x0000000767600000| Untracked 
| 828|0x0000000767800000, 0x0000000767800000, 0x0000000767a00000|  0%| F|  |TAMS 0x0000000767800000, 0x0000000767800000| Untracked 
| 829|0x0000000767a00000, 0x0000000767a00000, 0x0000000767c00000|  0%| F|  |TAMS 0x0000000767a00000, 0x0000000767a00000| Untracked 
| 830|0x0000000767c00000, 0x0000000767c00000, 0x0000000767e00000|  0%| F|  |TAMS 0x0000000767c00000, 0x0000000767c00000| Untracked 
| 831|0x0000000767e00000, 0x0000000767e00000, 0x0000000768000000|  0%| F|  |TAMS 0x0000000767e00000, 0x0000000767e00000| Untracked 
| 832|0x0000000768000000, 0x0000000768000000, 0x0000000768200000|  0%| F|  |TAMS 0x0000000768000000, 0x0000000768000000| Untracked 
| 833|0x0000000768200000, 0x0000000768200000, 0x0000000768400000|  0%| F|  |TAMS 0x0000000768200000, 0x0000000768200000| Untracked 
| 834|0x0000000768400000, 0x0000000768400000, 0x0000000768600000|  0%| F|  |TAMS 0x0000000768400000, 0x0000000768400000| Untracked 
|2046|0x00000007ffc00000, 0x00000007ffe00000, 0x00000007ffe00000|100%| O|  |TAMS 0x00000007ffe00000, 0x00000007ffc00000| Untracked 
|2047|0x00000007ffe00000, 0x0000000800000000, 0x0000000800000000|100%| O|  |TAMS 0x0000000800000000, 0x00000007ffe00000| Untracked 

Card table byte_map: [0x00000204caf70000,0x00000204cb770000] _byte_map_base: 0x00000204c7770000

Marking Bits (Prev, Next): (CMBitMap*) 0x00000204b1eb6590, (CMBitMap*) 0x00000204b1eb6550
 Prev Bits: [0x00000204cff70000, 0x00000204d3f70000)
 Next Bits: [0x00000204cbf70000, 0x00000204cff70000)

Polling page: 0x00000204b1f00000

Metaspace:

Usage:
  Non-class:    177.92 MB used.
      Class:     26.31 MB used.
       Both:    204.22 MB used.

Virtual space:
  Non-class space:      192.00 MB reserved,     178.62 MB ( 93%) committed,  3 nodes.
      Class space:        1.00 GB reserved,      26.94 MB (  3%) committed,  1 nodes.
             Both:        1.19 GB reserved,     205.56 MB ( 17%) committed. 

Chunk freelists:
   Non-Class:  13.27 MB
       Class:  5.00 MB
        Both:  18.27 MB

MaxMetaspaceSize: unlimited
CompressedClassSpaceSize: 1.00 GB
Initial GC threshold: 21.00 MB
Current GC threshold: 342.31 MB
CDS: on
MetaspaceReclaimPolicy: balanced
 - commit_granule_bytes: 65536.
 - commit_granule_words: 8192.
 - virtual_space_node_default_size: 8388608.
 - enlarge_chunks_in_place: 1.
 - new_chunks_are_fully_committed: 0.
 - uncommit_free_chunks: 1.
 - use_allocation_guard: 0.
 - handle_deallocations: 1.


Internal statistics:

num_allocs_failed_limit: 3.
num_arena_births: 2366.
num_arena_deaths: 72.
num_vsnodes_births: 4.
num_vsnodes_deaths: 0.
num_space_committed: 3285.
num_space_uncommitted: 0.
num_chunks_returned_to_freelist: 114.
num_chunks_taken_from_freelist: 10853.
num_chunk_merges: 36.
num_chunk_splits: 7592.
num_chunks_enlarged: 5456.
num_inconsistent_stats: 0.

CodeHeap 'non-profiled nmethods': size=120000Kb used=21130Kb max_used=21130Kb free=98869Kb
 bounds [0x00000204c27d0000, 0x00000204c3c80000, 0x00000204c9d00000]
CodeHeap 'profiled nmethods': size=120000Kb used=63074Kb max_used=63074Kb free=56925Kb
 bounds [0x00000204bad00000, 0x00000204beaa0000, 0x00000204c2230000]
CodeHeap 'non-nmethods': size=5760Kb used=2739Kb max_used=2888Kb free=3020Kb
 bounds [0x00000204c2230000, 0x00000204c2530000, 0x00000204c27d0000]
 total_blobs=29574 nmethods=28263 adapters=1219
 compilation: enabled
              stopped_count=0, restarted_count=0
 full_count=0

Compilation events (20 events):
Event: 575.943 Thread 0x00000204d6a7ac20 36518       2       com.android.tools.r8.graph.j1::i1 (17 bytes)
Event: 575.944 Thread 0x00000204d6a7ac20 nmethod 36518 0x00000204bea97110 code [0x00000204bea972a0, 0x00000204bea973b8]
Event: 575.947 Thread 0x00000204d6a7ac20 36519       1       com.android.tools.r8.graph.a1::b (5 bytes)
Event: 575.947 Thread 0x00000204d6a7ac20 nmethod 36519 0x00000204c3aeac90 code [0x00000204c3aeae20, 0x00000204c3aeaef8]
Event: 575.950 Thread 0x00000204d6a7ac20 36520       2       com.android.tools.r8.internal.oX::k (13 bytes)
Event: 575.951 Thread 0x00000204d6a7ac20 nmethod 36520 0x00000204bea97490 code [0x00000204bea97620, 0x00000204bea97738]
Event: 575.951 Thread 0x00000204d6a7ac20 36521       2       com.android.tools.r8.internal.iJ::c (29 bytes)
Event: 575.951 Thread 0x00000204d6a7ac20 nmethod 36521 0x00000204bea97810 code [0x00000204bea979a0, 0x00000204bea97ab8]
Event: 575.952 Thread 0x00000204d6a7ac20 36522       2       com.android.tools.r8.graph.j1::U0 (33 bytes)
Event: 575.952 Thread 0x00000204d6a7ac20 nmethod 36522 0x00000204bea97b90 code [0x00000204bea97d20, 0x00000204bea97e38]
Event: 575.952 Thread 0x00000204d6a7ac20 36523       2       com.android.tools.r8.graph.g::c (24 bytes)
Event: 575.952 Thread 0x00000204d6a7ac20 nmethod 36523 0x00000204bea97f10 code [0x00000204bea980a0, 0x00000204bea981b8]
Event: 575.952 Thread 0x00000204d6a7ac20 36524   !   2       com.android.tools.r8.graph.B1::a (38 bytes)
Event: 575.953 Thread 0x00000204d6a7ac20 nmethod 36524 0x00000204bea98290 code [0x00000204bea98440, 0x00000204bea98768]
Event: 575.953 Thread 0x00000204d6a7ac20 36525       1       com.android.tools.r8.graph.a1::a (5 bytes)
Event: 575.953 Thread 0x00000204d6a7ac20 nmethod 36525 0x00000204c3acda10 code [0x00000204c3acdba0, 0x00000204c3acdc78]
Event: 575.954 Thread 0x00000204d6a7ac20 36528       2       com.android.tools.r8.graph.J0::<init> (21 bytes)
Event: 575.954 Thread 0x00000204d6a7ac20 nmethod 36528 0x00000204bea98910 code [0x00000204bea98aa0, 0x00000204bea98be8]
Event: 575.954 Thread 0x00000204d6a7ac20 36527       2       com.android.tools.r8.graph.S0::<init> (10 bytes)
Event: 575.954 Thread 0x00000204d6a7ac20 nmethod 36527 0x00000204bea98c90 code [0x00000204bea98e20, 0x00000204bea98f78]

GC Heap History (20 events):
Event: 559.560 GC heap after
{Heap after GC invocations=116 (full 0):
 garbage-first heap   total 1263616K, used 387138K [0x0000000700000000, 0x0000000800000000)
  region size 2048K, 8 young (16384K), 8 survivors (16384K)
 Metaspace       used 208754K, committed 210176K, reserved 1245184K
  class space    used 26909K, committed 27584K, reserved 1048576K
}
Event: 561.813 GC heap before
{Heap before GC invocations=116 (full 0):
 garbage-first heap   total 1263616K, used 1081410K [0x0000000700000000, 0x0000000800000000)
  region size 2048K, 347 young (710656K), 8 survivors (16384K)
 Metaspace       used 208800K, committed 210240K, reserved 1245184K
  class space    used 26914K, committed 27584K, reserved 1048576K
}
Event: 561.840 GC heap after
{Heap after GC invocations=117 (full 0):
 garbage-first heap   total 1263616K, used 384595K [0x0000000700000000, 0x0000000800000000)
  region size 2048K, 7 young (14336K), 7 survivors (14336K)
 Metaspace       used 208800K, committed 210240K, reserved 1245184K
  class space    used 26914K, committed 27584K, reserved 1048576K
}
Event: 566.525 GC heap before
{Heap before GC invocations=118 (full 0):
 garbage-first heap   total 1263616K, used 1091155K [0x0000000700000000, 0x0000000800000000)
  region size 2048K, 352 young (720896K), 7 survivors (14336K)
 Metaspace       used 208892K, committed 210304K, reserved 1245184K
  class space    used 26924K, committed 27584K, reserved 1048576K
}
Event: 566.557 GC heap after
{Heap after GC invocations=119 (full 0):
 garbage-first heap   total 1263616K, used 383676K [0x0000000700000000, 0x0000000800000000)
  region size 2048K, 6 young (12288K), 6 survivors (12288K)
 Metaspace       used 208892K, committed 210304K, reserved 1245184K
  class space    used 26924K, committed 27584K, reserved 1048576K
}
Event: 566.686 GC heap before
{Heap before GC invocations=119 (full 0):
 garbage-first heap   total 1263616K, used 432828K [0x0000000700000000, 0x0000000800000000)
  region size 2048K, 30 young (61440K), 6 survivors (12288K)
 Metaspace       used 208895K, committed 210304K, reserved 1245184K
  class space    used 26924K, committed 27584K, reserved 1048576K
}
Event: 566.768 GC heap after
{Heap after GC invocations=120 (full 0):
 garbage-first heap   total 1382400K, used 375182K [0x0000000700000000, 0x0000000800000000)
  region size 2048K, 1 young (2048K), 1 survivors (2048K)
 Metaspace       used 208895K, committed 210304K, reserved 1245184K
  class space    used 26924K, committed 27584K, reserved 1048576K
}
Event: 569.643 GC heap before
{Heap before GC invocations=120 (full 0):
 garbage-first heap   total 1382400K, used 1202574K [0x0000000700000000, 0x0000000800000000)
  region size 2048K, 405 young (829440K), 1 survivors (2048K)
 Metaspace       used 208996K, committed 210368K, reserved 1245184K
  class space    used 26935K, committed 27584K, reserved 1048576K
}
Event: 569.709 GC heap after
{Heap after GC invocations=121 (full 0):
 garbage-first heap   total 1382400K, used 411417K [0x0000000700000000, 0x0000000800000000)
  region size 2048K, 19 young (38912K), 19 survivors (38912K)
 Metaspace       used 208996K, committed 210368K, reserved 1245184K
  class space    used 26935K, committed 27584K, reserved 1048576K
}
Event: 569.767 GC heap before
{Heap before GC invocations=121 (full 0):
 garbage-first heap   total 1382400K, used 433945K [0x0000000700000000, 0x0000000800000000)
  region size 2048K, 31 young (63488K), 19 survivors (38912K)
 Metaspace       used 208997K, committed 210368K, reserved 1245184K
  class space    used 26935K, committed 27584K, reserved 1048576K
}
Event: 569.797 GC heap after
{Heap after GC invocations=122 (full 0):
 garbage-first heap   total 1382400K, used 412709K [0x0000000700000000, 0x0000000800000000)
  region size 2048K, 20 young (40960K), 20 survivors (40960K)
 Metaspace       used 208997K, committed 210368K, reserved 1245184K
  class space    used 26935K, committed 27584K, reserved 1048576K
}
Event: 572.824 GC heap before
{Heap before GC invocations=123 (full 0):
 garbage-first heap   total 1382400K, used 1166373K [0x0000000700000000, 0x0000000800000000)
  region size 2048K, 388 young (794624K), 20 survivors (40960K)
 Metaspace       used 209082K, committed 210496K, reserved 1245184K
  class space    used 26935K, committed 27584K, reserved 1048576K
}
Event: 572.931 GC heap after
{Heap after GC invocations=124 (full 0):
 garbage-first heap   total 1382400K, used 462049K [0x0000000700000000, 0x0000000800000000)
  region size 2048K, 44 young (90112K), 44 survivors (90112K)
 Metaspace       used 209082K, committed 210496K, reserved 1245184K
  class space    used 26935K, committed 27584K, reserved 1048576K
}
Event: 572.937 GC heap before
{Heap before GC invocations=124 (full 0):
 garbage-first heap   total 1382400K, used 464097K [0x0000000700000000, 0x0000000800000000)
  region size 2048K, 45 young (92160K), 44 survivors (90112K)
 Metaspace       used 209082K, committed 210496K, reserved 1245184K
  class space    used 26935K, committed 27584K, reserved 1048576K
}
Event: 574.209 GC heap after
{Heap after GC invocations=125 (full 0):
 garbage-first heap   total 1382400K, used 455069K [0x0000000700000000, 0x0000000800000000)
  region size 2048K, 4 young (8192K), 4 survivors (8192K)
 Metaspace       used 209082K, committed 210496K, reserved 1245184K
  class space    used 26935K, committed 27584K, reserved 1048576K
}
Event: 574.817 GC heap before
{Heap before GC invocations=125 (full 0):
 garbage-first heap   total 1382400K, used 745885K [0x0000000700000000, 0x0000000800000000)
  region size 2048K, 146 young (299008K), 4 survivors (8192K)
 Metaspace       used 209085K, committed 210496K, reserved 1245184K
  class space    used 26935K, committed 27584K, reserved 1048576K
}
Event: 574.838 GC heap after
{Heap after GC invocations=126 (full 0):
 garbage-first heap   total 1382400K, used 464747K [0x0000000700000000, 0x0000000800000000)
  region size 2048K, 9 young (18432K), 9 survivors (18432K)
 Metaspace       used 209085K, committed 210496K, reserved 1245184K
  class space    used 26935K, committed 27584K, reserved 1048576K
}
Event: 575.382 GC heap before
{Heap before GC invocations=126 (full 0):
 garbage-first heap   total 1382400K, used 737131K [0x0000000700000000, 0x0000000800000000)
  region size 2048K, 142 young (290816K), 9 survivors (18432K)
 Metaspace       used 209113K, committed 210496K, reserved 1245184K
  class space    used 26935K, committed 27584K, reserved 1048576K
}
Event: 575.413 GC heap after
{Heap after GC invocations=127 (full 0):
 garbage-first heap   total 1382400K, used 472477K [0x0000000700000000, 0x0000000800000000)
  region size 2048K, 12 young (24576K), 12 survivors (24576K)
 Metaspace       used 209113K, committed 210496K, reserved 1245184K
  class space    used 26935K, committed 27584K, reserved 1048576K
}
Event: 575.968 GC heap before
{Heap before GC invocations=127 (full 0):
 garbage-first heap   total 1382400K, used 761245K [0x0000000700000000, 0x0000000800000000)
  region size 2048K, 154 young (315392K), 12 survivors (24576K)
 Metaspace       used 209123K, committed 210496K, reserved 1245184K
  class space    used 26937K, committed 27584K, reserved 1048576K
}

Deoptimization events (20 events):
Event: 575.676 Thread 0x0000020535fa67e0 DEOPT PACKING pc=0x00000204be487739 sp=0x0000007686af9ab0
Event: 575.676 Thread 0x0000020535fa67e0 DEOPT UNPACKING pc=0x00000204c2282b43 sp=0x0000007686af9138 mode 0
Event: 575.770 Thread 0x0000020535fa7c20 Uncommon trap: trap_request=0xffffffde fr.pc=0x00000204c2926c44 relative=0x00000000000020c4
Event: 575.770 Thread 0x0000020535fa7c20 Uncommon trap: reason=class_check action=maybe_recompile pc=0x00000204c2926c44 method=com.android.tools.r8.internal.Qg0.a(Lcom/android/tools/r8/internal/kh0;)Ljava/lang/Object; @ 1 c2
Event: 575.770 Thread 0x0000020535fa7c20 DEOPT PACKING pc=0x00000204c2926c44 sp=0x0000007686df97b0
Event: 575.770 Thread 0x0000020535fa7c20 DEOPT UNPACKING pc=0x00000204c22823a3 sp=0x0000007686df9728 mode 2
Event: 575.785 Thread 0x0000020535fa8130 Uncommon trap: trap_request=0xffffff45 fr.pc=0x00000204c34c5a24 relative=0x0000000000000184
Event: 575.785 Thread 0x0000020535fa8130 Uncommon trap: reason=unstable_if action=reinterpret pc=0x00000204c34c5a24 method=java.util.ArrayList.equalsArrayList(Ljava/util/ArrayList;)Z @ 85 c2
Event: 575.786 Thread 0x0000020535fa8130 DEOPT PACKING pc=0x00000204c34c5a24 sp=0x0000007686ef9de0
Event: 575.786 Thread 0x0000020535fa8130 DEOPT UNPACKING pc=0x00000204c22823a3 sp=0x0000007686ef9d60 mode 2
Event: 575.789 Thread 0x000002052e72b360 DEOPT PACKING pc=0x00000204bdcf91a0 sp=0x00000076817f5af0
Event: 575.789 Thread 0x000002052e72b360 DEOPT UNPACKING pc=0x00000204c2282b43 sp=0x00000076817f5270 mode 0
Event: 575.819 Thread 0x0000020535fa8130 DEOPT PACKING pc=0x00000204be620b0d sp=0x0000007686ef9880
Event: 575.819 Thread 0x0000020535fa8130 DEOPT UNPACKING pc=0x00000204c2282b43 sp=0x0000007686ef8e20 mode 0
Event: 575.892 Thread 0x0000020535fa7c20 DEOPT PACKING pc=0x00000204be4874c2 sp=0x0000007686df9880
Event: 575.892 Thread 0x0000020535fa7c20 DEOPT UNPACKING pc=0x00000204c2282b43 sp=0x0000007686df8f10 mode 0
Event: 575.909 Thread 0x0000020535fa67e0 DEOPT PACKING pc=0x00000204be340ef3 sp=0x0000007686af96b0
Event: 575.909 Thread 0x0000020535fa67e0 DEOPT UNPACKING pc=0x00000204c2282b43 sp=0x0000007686af8de8 mode 0
Event: 575.947 Thread 0x0000020535fa6cf0 DEOPT PACKING pc=0x00000204be487739 sp=0x0000007686bf9a40
Event: 575.947 Thread 0x0000020535fa6cf0 DEOPT UNPACKING pc=0x00000204c2282b43 sp=0x0000007686bf90c8 mode 0

Classes unloaded (20 events):
Event: 549.546 Thread 0x00000204d6a21950 Unloading class 0x00000204d9a00800 'java/lang/invoke/LambdaForm$DMH+0x00000204d9a00800'
Event: 549.546 Thread 0x00000204d6a21950 Unloading class 0x00000204d9a00400 'java/lang/invoke/LambdaForm$DMH+0x00000204d9a00400'
Event: 549.546 Thread 0x00000204d6a21950 Unloading class 0x00000204d9972400 'java/lang/invoke/LambdaForm$DMH+0x00000204d9972400'
Event: 549.546 Thread 0x00000204d6a21950 Unloading class 0x00000204d9971c00 'java/lang/invoke/LambdaForm$DMH+0x00000204d9971c00'
Event: 549.546 Thread 0x00000204d6a21950 Unloading class 0x00000204d9972000 'java/lang/invoke/LambdaForm$DMH+0x00000204d9972000'
Event: 549.546 Thread 0x00000204d6a21950 Unloading class 0x00000204d9971800 'java/lang/invoke/LambdaForm$DMH+0x00000204d9971800'
Event: 549.546 Thread 0x00000204d6a21950 Unloading class 0x00000204d9971000 'java/lang/invoke/LambdaForm$DMH+0x00000204d9971000'
Event: 549.546 Thread 0x00000204d6a21950 Unloading class 0x00000204d9970c00 'java/lang/invoke/LambdaForm$DMH+0x00000204d9970c00'
Event: 549.546 Thread 0x00000204d6a21950 Unloading class 0x00000204d9970400 'java/lang/invoke/LambdaForm$DMH+0x00000204d9970400'
Event: 549.546 Thread 0x00000204d6a21950 Unloading class 0x00000204d9970800 'java/lang/invoke/LambdaForm$DMH+0x00000204d9970800'
Event: 549.546 Thread 0x00000204d6a21950 Unloading class 0x00000204d990cc00 'java/lang/invoke/LambdaForm$DMH+0x00000204d990cc00'
Event: 549.546 Thread 0x00000204d6a21950 Unloading class 0x00000204d990c800 'java/lang/invoke/LambdaForm$DMH+0x00000204d990c800'
Event: 549.546 Thread 0x00000204d6a21950 Unloading class 0x00000204d990c400 'java/lang/invoke/LambdaForm$DMH+0x00000204d990c400'
Event: 563.387 Thread 0x00000204d6a21950 Unloading class 0x00000204d9a68800 'java/lang/invoke/LambdaForm$DMH+0x00000204d9a68800'
Event: 563.387 Thread 0x00000204d6a21950 Unloading class 0x00000204d9a35800 'java/lang/invoke/LambdaForm$DMH+0x00000204d9a35800'
Event: 563.387 Thread 0x00000204d6a21950 Unloading class 0x00000204d9a35400 'java/lang/invoke/LambdaForm$DMH+0x00000204d9a35400'
Event: 563.387 Thread 0x00000204d6a21950 Unloading class 0x00000204d9a35000 'java/lang/invoke/LambdaForm$DMH+0x00000204d9a35000'
Event: 563.387 Thread 0x00000204d6a21950 Unloading class 0x00000204d9a34c00 'java/lang/invoke/LambdaForm$DMH+0x00000204d9a34c00'
Event: 563.387 Thread 0x00000204d6a21950 Unloading class 0x00000204d9a34800 'java/lang/invoke/LambdaForm$DMH+0x00000204d9a34800'
Event: 563.387 Thread 0x00000204d6a21950 Unloading class 0x00000204d9a34000 'java/lang/invoke/LambdaForm$DMH+0x00000204d9a34000'

Classes redefined (0 events):
No events

Internal exceptions (20 events):
Event: 564.904 Thread 0x0000020535fa8640 Exception <a 'sun/nio/fs/WindowsException'{0x00000007380f6ac8}> (0x00000007380f6ac8) 
thrown [s\open\src\hotspot\share\prims\jni.cpp, line 516]
Event: 564.975 Thread 0x0000020535fa67e0 Exception <a 'sun/nio/fs/WindowsException'{0x00000007374879a0}> (0x00000007374879a0) 
thrown [s\open\src\hotspot\share\prims\jni.cpp, line 516]
Event: 565.002 Thread 0x0000020535fa7c20 Exception <a 'sun/nio/fs/WindowsException'{0x0000000736c9f440}> (0x0000000736c9f440) 
thrown [s\open\src\hotspot\share\prims\jni.cpp, line 516]
Event: 566.899 Thread 0x0000020535fa7c20 Implicit null exception at 0x00000204c398a2cc to 0x00000204c398a43c
Event: 567.046 Thread 0x0000020535fa7c20 Exception <a 'sun/nio/fs/WindowsException'{0x000000074f7dca70}> (0x000000074f7dca70) 
thrown [s\open\src\hotspot\share\prims\jni.cpp, line 516]
Event: 567.122 Thread 0x0000020535fa67e0 Exception <a 'sun/nio/fs/WindowsException'{0x000000074e063bb0}> (0x000000074e063bb0) 
thrown [s\open\src\hotspot\share\prims\jni.cpp, line 516]
Event: 567.125 Thread 0x0000020535fa7c20 Exception <a 'sun/nio/fs/WindowsException'{0x000000074e33ac40}> (0x000000074e33ac40) 
thrown [s\open\src\hotspot\share\prims\jni.cpp, line 516]
Event: 567.162 Thread 0x0000020535fa8640 Exception <a 'sun/nio/fs/WindowsException'{0x000000074d8f3590}> (0x000000074d8f3590) 
thrown [s\open\src\hotspot\share\prims\jni.cpp, line 516]
Event: 567.251 Thread 0x0000020535fa6cf0 Exception <a 'sun/nio/fs/WindowsException'{0x000000074bb044b0}> (0x000000074bb044b0) 
thrown [s\open\src\hotspot\share\prims\jni.cpp, line 516]
Event: 567.931 Thread 0x0000020535fa5dc0 Exception <a 'sun/nio/fs/WindowsException'{0x0000000744538f40}> (0x0000000744538f40) 
thrown [s\open\src\hotspot\share\prims\jni.cpp, line 516]
Event: 568.640 Thread 0x0000020535fa7c20 Exception <a 'sun/nio/fs/WindowsException'{0x0000000738554c10}> (0x0000000738554c10) 
thrown [s\open\src\hotspot\share\prims\jni.cpp, line 516]
Event: 568.950 Thread 0x0000020535fa7c20 Exception <a 'sun/nio/fs/WindowsException'{0x00000007304adff8}> (0x00000007304adff8) 
thrown [s\open\src\hotspot\share\prims\jni.cpp, line 516]
Event: 569.210 Thread 0x0000020535fa67e0 Exception <a 'sun/nio/fs/WindowsException'{0x000000072a70e8f0}> (0x000000072a70e8f0) 
thrown [s\open\src\hotspot\share\prims\jni.cpp, line 516]
Event: 570.650 Thread 0x000002052e72b360 Exception <a 'sun/nio/fs/WindowsException'{0x000000074a1432b8}> (0x000000074a1432b8) 
thrown [s\open\src\hotspot\share\prims\jni.cpp, line 516]
Event: 571.574 Thread 0x0000020535fa7c20 Exception <a 'sun/nio/fs/WindowsException'{0x0000000742155298}> (0x0000000742155298) 
thrown [s\open\src\hotspot\share\prims\jni.cpp, line 516]
Event: 571.810 Thread 0x0000020535fa67e0 Exception <a 'sun/nio/fs/WindowsException'{0x000000073cf65778}> (0x000000073cf65778) 
thrown [s\open\src\hotspot\share\prims\jni.cpp, line 516]
Event: 571.903 Thread 0x0000020535fa8640 Exception <a 'sun/nio/fs/WindowsException'{0x000000073b8fa018}> (0x000000073b8fa018) 
thrown [s\open\src\hotspot\share\prims\jni.cpp, line 516]
Event: 571.944 Thread 0x000002052e72b360 Exception <a 'sun/nio/fs/WindowsException'{0x000000073a313900}> (0x000000073a313900) 
thrown [s\open\src\hotspot\share\prims\jni.cpp, line 516]
Event: 572.032 Thread 0x0000020535fa8640 Exception <a 'sun/nio/fs/WindowsException'{0x0000000737ede1d8}> (0x0000000737ede1d8) 
thrown [s\open\src\hotspot\share\prims\jni.cpp, line 516]
Event: 572.114 Thread 0x0000020535fa7c20 Exception <a 'sun/nio/fs/WindowsException'{0x0000000735821fe0}> (0x0000000735821fe0) 
thrown [s\open\src\hotspot\share\prims\jni.cpp, line 516]

VM Operations (20 events):
Event: 569.712 Executing VM operation: G1CollectForAllocation done
Event: 569.767 Executing VM operation: G1TryInitiateConcMark
Event: 569.797 Executing VM operation: G1TryInitiateConcMark done
Event: 570.790 Executing VM operation: G1Concurrent
Event: 571.152 Executing VM operation: G1Concurrent done
Event: 571.416 Executing VM operation: HandshakeAllThreads
Event: 571.501 Executing VM operation: HandshakeAllThreads done
Event: 571.501 Executing VM operation: G1Concurrent
Event: 571.504 Executing VM operation: G1Concurrent done
Event: 572.512 Executing VM operation: Cleanup
Event: 572.562 Executing VM operation: Cleanup done
Event: 572.824 Executing VM operation: G1CollectForAllocation
Event: 572.936 Executing VM operation: G1CollectForAllocation done
Event: 572.937 Executing VM operation: G1CollectForAllocation
Event: 574.209 Executing VM operation: G1CollectForAllocation done
Event: 574.817 Executing VM operation: G1CollectForAllocation
Event: 574.838 Executing VM operation: G1CollectForAllocation done
Event: 575.381 Executing VM operation: G1CollectForAllocation
Event: 575.414 Executing VM operation: G1CollectForAllocation done
Event: 575.968 Executing VM operation: G1CollectForAllocation

Events (20 events):
Event: 571.601 Thread 0x00000204d6a7d950 flushing nmethod 0x00000204be7ea590
Event: 571.601 Thread 0x00000204d6a7d950 flushing nmethod 0x00000204be7eb910
Event: 571.602 Thread 0x00000204d6a7d950 flushing nmethod 0x00000204be7fa490
Event: 571.602 Thread 0x00000204d6a7d950 flushing nmethod 0x00000204be7fb010
Event: 571.602 Thread 0x00000204d6a7d950 flushing nmethod 0x00000204be800090
Event: 571.602 Thread 0x00000204d6a7d950 flushing nmethod 0x00000204be80c110
Event: 571.602 Thread 0x00000204d6a7d950 flushing nmethod 0x00000204be81ae90
Event: 571.602 Thread 0x00000204d6a7d950 flushing nmethod 0x00000204be81e410
Event: 571.602 Thread 0x00000204d6a7d950 flushing nmethod 0x00000204be81e890
Event: 571.603 Thread 0x00000204d6a7d950 flushing nmethod 0x00000204be820d10
Event: 571.603 Thread 0x00000204d6a7d950 flushing nmethod 0x00000204be822f10
Event: 571.603 Thread 0x00000204d6a7d950 flushing nmethod 0x00000204be825090
Event: 571.603 Thread 0x00000204d6a7d950 flushing nmethod 0x00000204be860d10
Event: 571.603 Thread 0x00000204d6a7d950 flushing nmethod 0x00000204be865610
Event: 571.604 Thread 0x00000204d6a7d950 flushing nmethod 0x00000204be8aa090
Event: 571.604 Thread 0x00000204d6a7d950 flushing nmethod 0x00000204be8ae590
Event: 571.604 Thread 0x00000204d6a7d950 flushing nmethod 0x00000204be8aec10
Event: 571.604 Thread 0x00000204d6a7d950 flushing nmethod 0x00000204be8afe10
Event: 571.604 Thread 0x00000204d6a7d950 flushing nmethod 0x00000204be8b6e90
Event: 571.605 Thread 0x00000204d6a7d950 flushing nmethod 0x00000204be8bdf10


Dynamic libraries:
0x00007ff6d99d0000 - 0x00007ff6d99e0000 	C:\Program Files\Java\jdk-17\bin\java.exe
0x00007ffb14240000 - 0x00007ffb144a7000 	C:\WINDOWS\SYSTEM32\ntdll.dll
0x00007ffb12f50000 - 0x00007ffb13019000 	C:\WINDOWS\System32\KERNEL32.DLL
0x00007ffb10d20000 - 0x00007ffb11117000 	C:\WINDOWS\System32\KERNELBASE.dll
0x00007ffb0aee0000 - 0x00007ffb0af80000 	C:\WINDOWS\SYSTEM32\apphelp.dll
0x00007ffb111e0000 - 0x00007ffb1132b000 	C:\WINDOWS\System32\ucrtbase.dll
0x00007ffb05e40000 - 0x00007ffb05e59000 	C:\Program Files\Java\jdk-17\bin\jli.dll
0x00007ffb120d0000 - 0x00007ffb12186000 	C:\WINDOWS\System32\ADVAPI32.dll
0x00007ffb13030000 - 0x00007ffb130d9000 	C:\WINDOWS\System32\msvcrt.dll
0x00007ffb130f0000 - 0x00007ffb13197000 	C:\WINDOWS\System32\sechost.dll
0x00007ffafea80000 - 0x00007ffafea9b000 	C:\Program Files\Java\jdk-17\bin\VCRUNTIME140.dll
0x00007ffb131d0000 - 0x00007ffb132e8000 	C:\WINDOWS\System32\RPCRT4.dll
0x00007ffb132f0000 - 0x00007ffb134b6000 	C:\WINDOWS\System32\USER32.dll
0x00007ffb11e10000 - 0x00007ffb11e37000 	C:\WINDOWS\System32\win32u.dll
0x00007ffb131a0000 - 0x00007ffb131cb000 	C:\WINDOWS\System32\GDI32.dll
0x00007ffb11ce0000 - 0x00007ffb11e0c000 	C:\WINDOWS\System32\gdi32full.dll
0x00007ffb10c70000 - 0x00007ffb10d13000 	C:\WINDOWS\System32\msvcp_win.dll
0x00007ffaf68b0000 - 0x00007ffaf6b42000 	C:\WINDOWS\WinSxS\amd64_microsoft.windows.common-controls_6595b64144ccf1df_6.0.26100.8328_none_3e08182ce334b678\COMCTL32.dll
0x00007ffb00cf0000 - 0x00007ffb00cfb000 	C:\WINDOWS\SYSTEM32\VERSION.dll
0x00007ffb12090000 - 0x00007ffb120c2000 	C:\WINDOWS\System32\IMM32.DLL
0x00007ffaff2b0000 - 0x00007ffaff2bc000 	C:\Program Files\Java\jdk-17\bin\vcruntime140_1.dll
0x00007ffafd6a0000 - 0x00007ffafd72e000 	C:\Program Files\Java\jdk-17\bin\msvcp140.dll
0x00007ffa9a570000 - 0x00007ffa9b150000 	C:\Program Files\Java\jdk-17\bin\server\jvm.dll
0x00007ffb130e0000 - 0x00007ffb130e8000 	C:\WINDOWS\System32\PSAPI.DLL
0x00007ffaf6b50000 - 0x00007ffaf6b86000 	C:\WINDOWS\SYSTEM32\WINMM.dll
0x00007ffafcc90000 - 0x00007ffafcc9a000 	C:\WINDOWS\SYSTEM32\WSOCK32.dll
0x00007ffb13840000 - 0x00007ffb138c0000 	C:\WINDOWS\System32\WS2_32.dll
0x00007ffb0f9c0000 - 0x00007ffb0f9db000 	C:\WINDOWS\SYSTEM32\kernel.appcore.dll
0x00007ffafeab0000 - 0x00007ffafeaba000 	C:\Program Files\Java\jdk-17\bin\jimage.dll
0x00007ffb0b8b0000 - 0x00007ffb0baf2000 	C:\WINDOWS\SYSTEM32\DBGHELP.DLL
0x00007ffb139e0000 - 0x00007ffb13d63000 	C:\WINDOWS\System32\combase.dll
0x00007ffb12d90000 - 0x00007ffb12e69000 	C:\WINDOWS\System32\OLEAUT32.dll
0x00007ffafd5f0000 - 0x00007ffafd62b000 	C:\WINDOWS\SYSTEM32\dbgcore.DLL
0x00007ffb113c0000 - 0x00007ffb11468000 	C:\WINDOWS\System32\bcryptPrimitives.dll
0x00007ffafea70000 - 0x00007ffafea7e000 	C:\Program Files\Java\jdk-17\bin\instrument.dll
0x00007ffafe020000 - 0x00007ffafe045000 	C:\Program Files\Java\jdk-17\bin\java.dll
0x00007ffafcbb0000 - 0x00007ffafcc87000 	C:\Program Files\Java\jdk-17\bin\jsvml.dll
0x00007ffb12330000 - 0x00007ffb12a9e000 	C:\WINDOWS\System32\SHELL32.dll
0x00007ffb11470000 - 0x00007ffb11cdc000 	C:\WINDOWS\System32\windows.storage.dll
0x00007ffb12ab0000 - 0x00007ffb12ba6000 	C:\WINDOWS\System32\SHCORE.dll
0x00007ffb11ff0000 - 0x00007ffb12056000 	C:\WINDOWS\System32\shlwapi.dll
0x00007ffb10b90000 - 0x00007ffb10bb9000 	C:\WINDOWS\SYSTEM32\profapi.dll
0x00007ffafe1f0000 - 0x00007ffafe208000 	C:\Program Files\Java\jdk-17\bin\zip.dll
0x00007ffafe070000 - 0x00007ffafe089000 	C:\Program Files\Java\jdk-17\bin\net.dll
0x00007ffb071d0000 - 0x00007ffb072f9000 	C:\WINDOWS\SYSTEM32\WINHTTP.dll
0x00007ffb0ff10000 - 0x00007ffb0ff7c000 	C:\WINDOWS\system32\mswsock.dll
0x00007ffafd150000 - 0x00007ffafd166000 	C:\Program Files\Java\jdk-17\bin\nio.dll
0x00007ffafe010000 - 0x00007ffafe020000 	C:\Program Files\Java\jdk-17\bin\verify.dll
0x00007ffae8220000 - 0x00007ffae8247000 	C:\Users\dell\.gradle\native\c067742578af261105cb4f569cf0c3c89f3d7b1fecec35dd04571415982c5e48\windows-amd64\native-platform.dll
0x00007ffaa3280000 - 0x00007ffaa33c4000 	C:\Users\dell\.gradle\native\38dada09dfb8b06ba9b0570ebf7e218e3eb74d4ef43ca46872605cf95ebc2f47\windows-amd64\native-platform-file-events.dll
0x00007ffafcf30000 - 0x00007ffafcf3a000 	C:\Program Files\Java\jdk-17\bin\management.dll
0x00007ffafcf20000 - 0x00007ffafcf2b000 	C:\Program Files\Java\jdk-17\bin\management_ext.dll
0x00007ffb10310000 - 0x00007ffb1032b000 	C:\WINDOWS\SYSTEM32\CRYPTSP.dll
0x00007ffb0f920000 - 0x00007ffb0f959000 	C:\WINDOWS\system32\rsaenh.dll
0x00007ffb0ffc0000 - 0x00007ffb0fff3000 	C:\WINDOWS\SYSTEM32\USERENV.dll
0x00007ffb10b60000 - 0x00007ffb10b8a000 	C:\WINDOWS\SYSTEM32\bcrypt.dll
0x00007ffb10170000 - 0x00007ffb1017c000 	C:\WINDOWS\SYSTEM32\CRYPTBASE.dll
0x00007ffb0f3b0000 - 0x00007ffb0f3e2000 	C:\WINDOWS\SYSTEM32\IPHLPAPI.DLL
0x00007ffb13020000 - 0x00007ffb1302a000 	C:\WINDOWS\System32\NSI.dll
0x00007ffb08770000 - 0x00007ffb0878d000 	C:\WINDOWS\SYSTEM32\dhcpcsvc6.DLL
0x00007ffb08740000 - 0x00007ffb08765000 	C:\WINDOWS\SYSTEM32\dhcpcsvc.DLL
0x00007ffb0f3f0000 - 0x00007ffb0f522000 	C:\WINDOWS\SYSTEM32\DNSAPI.dll
0x00007ffafcf10000 - 0x00007ffafcf1e000 	C:\Program Files\Java\jdk-17\bin\sunmscapi.dll
0x00007ffb11e40000 - 0x00007ffb11fb8000 	C:\WINDOWS\System32\CRYPT32.dll
0x00007ffb10470000 - 0x00007ffb104a0000 	C:\WINDOWS\SYSTEM32\ncrypt.dll
0x00007ffb10420000 - 0x00007ffb1045f000 	C:\WINDOWS\SYSTEM32\NTASN1.dll
0x00007ffa57f20000 - 0x00007ffa57f28000 	C:\WINDOWS\system32\wshunix.dll
0x00007ffafee70000 - 0x00007ffafee88000 	C:\WINDOWS\system32\napinsp.dll
0x00007ffafee50000 - 0x00007ffafee63000 	C:\WINDOWS\System32\winrnr.dll
0x00007ffac4c90000 - 0x00007ffac4cb2000 	C:\WINDOWS\system32\nlansp_c.dll
0x00007ffae0ed0000 - 0x00007ffae0ee6000 	C:\WINDOWS\system32\wshbth.dll
0x00007ffb06980000 - 0x00007ffb0698b000 	C:\Windows\System32\rasadhlp.dll
0x00007ffb08b40000 - 0x00007ffb08bc6000 	C:\WINDOWS\System32\fwpuclnt.dll
0x00007ffb0fae0000 - 0x00007ffb0fb16000 	C:\WINDOWS\SYSTEM32\ntmarta.dll

dbghelp: loaded successfully - version: 4.0.5 - missing functions: none
symbol engine: initialized successfully - sym options: 0x614 - pdb path: .;C:\Program Files\Java\jdk-17\bin;C:\WINDOWS\SYSTEM32;C:\WINDOWS\WinSxS\amd64_microsoft.windows.common-controls_6595b64144ccf1df_6.0.26100.8328_none_3e08182ce334b678;C:\Program Files\Java\jdk-17\bin\server;C:\Users\dell\.gradle\native\c067742578af261105cb4f569cf0c3c89f3d7b1fecec35dd04571415982c5e48\windows-amd64;C:\Users\dell\.gradle\native\38dada09dfb8b06ba9b0570ebf7e218e3eb74d4ef43ca46872605cf95ebc2f47\windows-amd64

VM Arguments:
jvm_args: --add-opens=java.base/java.util=ALL-UNNAMED --add-opens=java.base/java.lang=ALL-UNNAMED --add-opens=java.base/java.lang.invoke=ALL-UNNAMED --add-opens=java.prefs/java.util.prefs=ALL-UNNAMED --add-opens=java.base/java.nio.charset=ALL-UNNAMED --add-opens=java.base/java.net=ALL-UNNAMED --add-opens=java.base/java.util.concurrent.atomic=ALL-UNNAMED -Xmx4g -Dfile.encoding=UTF-8 -Duser.country=IN -Duser.language=en -Duser.variant -javaagent:C:\Users\dell\.gradle\wrapper\dists\gradle-8.7-bin\bhs2wmbdwecv87pi65oeuq5iu\gradle-8.7\lib\agents\gradle-instrumentation-agent-8.7.jar 
java_command: org.gradle.launcher.daemon.bootstrap.GradleDaemon 8.7
java_class_path (initial): C:\Users\dell\.gradle\wrapper\dists\gradle-8.7-bin\bhs2wmbdwecv87pi65oeuq5iu\gradle-8.7\lib\gradle-launcher-8.7.jar
Launcher Type: SUN_STANDARD

[Global flags]
     intx CICompilerCount                          = 4                                         {product} {ergonomic}
     uint ConcGCThreads                            = 2                                         {product} {ergonomic}
     uint G1ConcRefinementThreads                  = 8                                         {product} {ergonomic}
   size_t G1HeapRegionSize                         = 2097152                                   {product} {ergonomic}
    uintx GCDrainStackTargetSize                   = 64                                        {product} {ergonomic}
   size_t InitialHeapSize                          = 132120576                                 {product} {ergonomic}
   size_t MarkStackSize                            = 4194304                                   {product} {ergonomic}
   size_t MaxHeapSize                              = 4294967296                                {product} {command line}
   size_t MaxNewSize                               = 2575302656                                {product} {ergonomic}
   size_t MinHeapDeltaBytes                        = 2097152                                   {product} {ergonomic}
   size_t MinHeapSize                              = 8388608                                   {product} {ergonomic}
    uintx NonNMethodCodeHeapSize                   = 5839372                                {pd product} {ergonomic}
    uintx NonProfiledCodeHeapSize                  = 122909434                              {pd product} {ergonomic}
    uintx ProfiledCodeHeapSize                     = 122909434                              {pd product} {ergonomic}
    uintx ReservedCodeCacheSize                    = 251658240                              {pd product} {ergonomic}
     bool SegmentedCodeCache                       = true                                      {product} {ergonomic}
   size_t SoftMaxHeapSize                          = 4294967296                             {manageable} {ergonomic}
     bool UseCompressedClassPointers               = true                           {product lp64_product} {ergonomic}
     bool UseCompressedOops                        = true                           {product lp64_product} {ergonomic}
     bool UseG1GC                                  = true                                      {product} {ergonomic}
     bool UseLargePagesIndividualAllocation        = false                                  {pd product} {ergonomic}

Logging:
Log output configuration:
 #0: stdout all=warning uptime,level,tags
 #1: stderr all=off uptime,level,tags

Environment Variables:
PATH=C:\Program Files\Common Files\Oracle\Java\javapath;C:\WINDOWS\system32;C:\WINDOWS;C:\WINDOWS\System32\Wbem;C:\WINDOWS\System32\WindowsPowerShell\v1.0\;C:\WINDOWS\System32\OpenSSH\;C:\Program Files\MongoDB\Server\7.0\bin;C:\Program Files\MySQL\MySQL Server 8.0\bin;C:\ProgramData\chocolatey\bin;C:\Program Files\Git\cmd;C:\Program Files\nodejs\;C:\Users\dell\Downloads\apache-maven-3.9.11-bin\apache-maven-3.9.11\bin;C:\Users\dell\AppData\Local\Microsoft\WindowsApps;C:\Program Files\MongoDB\Server\7.0\bin;C:\Users\dell\AppData\Local\Programs\mongosh\;C:\Users\dell\AppData\Local\Programs\Microsoft VS Code\bin;C:\Users\dell\AppData\Roaming\npm;
USERNAME=dell
OS=Windows_NT
PROCESSOR_IDENTIFIER=Intel64 Family 6 Model 142 Stepping 12, GenuineIntel



---------------  S Y S T E M  ---------------

OS:
 Windows 11 , 64 bit Build 26100 (10.0.26100.8328)
OS uptime: 0 days 12:33 hours
Hyper-V role detected

CPU: total 8 (initial active 8) (4 cores per cpu, 2 threads per core) family 6 model 142 stepping 12 microcode 0xf0, cx8, cmov, fxsr, ht, mmx, 3dnowpref, sse, sse2, sse3, ssse3, sse4.1, sse4.2, popcnt, lzcnt, tsc, tscinvbit, avx, avx2, aes, erms, clmul, bmi1, bmi2, adx, fma, vzeroupper, clflush, clflushopt, hv

Memory: 4k page, system-wide physical 8038M (430M free)
TotalPageFile size 20393M (AvailPageFile size 330M)
current process WorkingSet (physical memory assigned to process): 1498M, peak: 1505M
current process commit charge ("private bytes"): 1983M, peak: 2316M

vm_info: Java HotSpot(TM) 64-Bit Server VM (17.0.12+8-LTS-286) for windows-amd64 JRE (17.0.12+8-LTS-286), built on Jun  5 2024 06:46:59 by "mach5one" with MS VC++ 17.6 (VS2022)

END.
